가지니,가지니
가지다,가지다
가지니,가지니
다치니,다치니
다치니,다치니
계집,게집
계집만,계짐만
상계집,상계집
상계집만,상계짐만
본계집,본게집
본계집만,본계짐만
큰계집,큰게집
큰계집만,큰계짐만
작은계집,자근계집
작은계집만,자근계짐만
계집애,계지배
광대계집,광대계집
광대계집만,광대계짐만
계집장사,계집짱사
계집편성,계집편썽
계집녀,계짐녀
계집아이,계지바이
계집질,계집찔
계집종,계집쫑
계집붙이,계집뿌치
계집사람,계집싸람
계집년,게짐년
노는계집,노는게집
노는계집만,노는계짐만
헌계집,헌계집
헌계집만,헌계짐만
군계집,군게집
군계집만,군계짐만
돌계집,돌게집
돌계집만,돌계짐만
돌계집,돌게집
돌계집만,돌계짐만
뜬계집,뜬게집
뜬계집만,뜬계짐만
계집자식,게집짜식
계집자식만,계집짜싱만
허튼계집,허튼게집
허튼계집만,허튼계짐만
남진계집,남진계집
남진계집만,남진계짐만
계시다,게시다
계시니,계시니
시계,시게
시계,시게
시계,시계
시계,시계
방시계,방시게
시계초,시계
백동시계,백똥시게
시계산,시게산
시계대,시게대
불알시계,부랄시계
비둘기시계,비둘기시계
시계좌,시계
시계도,시계도
시계장이,시계
일시계,일씨게
각시계,각씨계
시계가마,시계
물시계,물씨게
시계추,시게추
생리시계,생니시계
시계자리,시계
초시계,초시게
벽시계,벽씨계
해시계,해시계
복화시계,보콰시계
백통시계,백통시게
모래시계,모래시게
회중시계,훼중시게
꽃시계,꼳씨계
괘종시계,괘종시게
시계상,시게상
탑시계,탑씨계
모시계,모시계
사시계,사시게
시계풀,시게풀
추시계,추시계
시계공,시게공
시계틀,시게틀
시계꽃,시게꼳
시계꽃이,시계꼬치
시계꽃만,시계꼰만
시계포,시계
별시계,별시계
몸시계,몸씨계
수시계,수시계
불시계,불시게
시계사,시계
시계방,시게빵
은시계,은시게
시계탑,시게탑
시계탑만,시계탐만
금시계,금시계
시계불알,시게부랄
연계,연게
연계,연게
연계,연게
연계,연게
연계구,연계구
연계증,연계증
연계성,연계
연계하다,연게하다
연계하니,연계하니
연계수,연게수
연계자,연계
연계되다,연게뒈다
연계되니,연계되니
연계율,연게율
연계선,연계
연계점,연계
연계종,연게종
연계형,연게형
몌별,메별
몌별하다,메별하다
몌별하니,몌별하니
개폐,개폐
개폐,개페
개폐교,개페교
개폐기,개페기
개폐소,개페소
개폐문,개폐
개폐식,개페식
개폐식만,개폐싱만
개폐하다,개폐
개폐하니,개폐하니
개폐하다,개페하다
개폐하니,개폐하니
개폐되다,개페뒈다
개폐되니,개폐되니
개폐되다,개폐되다
개폐되니,개폐되니
개폐문하다,개페문하다
개폐문하니,개폐문하니
개폐반,개폐
개폐론,개폐론
혜택,헤택
혜택만,혜탱만
혜택률,혜탱뉼
고혜택,고혜택
고혜택만,고혜탱만
저혜택,저헤택
저혜택만,저혜탱만
지혜,지혜
지혜,지혜
지혜광,지헤광
지혜롭다,지헤롭따
지혜로워,지혜로워
지혜로우니,지혜로우니
지혜해,지헤해
지혜검,지헤검
지혜열,지헤열
지혜서,지혜
지혜경,지헤경
지혜일,지혜
지혜안,지헤안
지혜화,지헤화
지혜이검,지헤이검
지혜바라밀,지헤바라밀
지혜천,지혜
지혜력,지혜
지혜력만,지혜령만
금리지혜,금니지혜
늴리리,닐리리
늴리리쿵더쿵,닐리리쿵더쿵
닁큼,닝큼
닁큼닁큼,닝큼닝큼
무늬,무니
문의,무니
문의,무니
문의,무니
줄무늬,줄무니
흰무늬,힌무니
모래무늬,모래무니
대접무늬,대점무니
무늬찍기,무니찍끼
풍운무늬,풍운무니
추상무늬,추상무니
빗점무늬,빋쩜무니
무늬지다,무니지다
무늬지니,무니지니
무지개무늬,무지개무니
덩굴무늬매듭,덩굴무니매듭
덩굴무늬매듭만,덩굴무니매듬만
손톱무늬,손톰무니
글자무늬,글짜무니
얼음무늬,어름무니
돋을띠무늬,도들띠무니
무늬석,무니석
무늬석만,무니성만
띠무늬,띠무니
잡무늬,잠무니
인동무늬,인동무니
바닥무늬,바당무니
잔금무늬,잔금무니
무늬천남성,무니천남성
무늬본,무니본
호박무늬,호방무니
무늬하루살이,무니하루사리
무늬빼기,무니빼기
비운무늬,비운무니
구멍무늬,구멍무니
불꽃무늬,불꼰무니
겹침무늬,겹침무니
무늬들임,무니드림
무늬빼기하다,무니빼기하다
무늬빼기하니,무니빼기하니
귤껍질무늬,귤껍찔무니
벌집무늬명밤나비,벌찝무니명밤나비
실무늬,실무니
돌무늬,돌무니
별무늬꼬마거미,별무니꼬마거미
항아리무늬,항아리무니
붓두껍무늬,붇뚜껌무니
덧무늬,던무니
피무늬,피무니
방사무늬돌김,방사무니돌김
귀갑무늬,귀감무니
서린무늬,서린무니
식물무늬,싱물무니
맞톱니무늬,맏톰니무니
짜넣음무늬,짜너음무니
띠무늬메뚜기붙이,띠무니메뚜기부치
무늬판,무니판
민무늬,민무니
꽃무늬,꼰무니
띄어쓰기,띠여쓰기
띄어쓰기하다,띠여쓰기하다
띄어쓰기하니,띠어쓰기하니
틔다,티다
틔어,티어
틔니,티니
희다,히다
희어,히어
희니,히니
농한희어,농한히어
희어멀뚱하다,히어멀뚱하다
희어멀뚱하니,히어멀뚱하니
희떱다,히떱따
희떠워,히떠워
희떠우니,히떠우니
희망,히망
희망하다,히망하다
희망하니,히망하니
희망적,히망적
희망봉,히망봉
희망퇴직,히망퇴직
희망퇴직만,히망퇴징만
희망차다,히망차다
희망차,히망차
희망차니,히망차니
희망봉,히망봉
희망권,히망꿘
희망점,히망쩜
희망자,히망자
희망서,히망서
희망성,히망썽
희망봉,히망봉
희망감,히망감
희망직,히망직
희망직만,히망징만
희망투,히망투
희망퇴직하다,히망퇴지카다
희망퇴직하니,히망퇴지카니
희망퇴직,히망퇴직
희망퇴직만,히망퇴징만
희망퇴직자,히망퇴직짜
유희,유히
유희,유히
유희,유히
유희,유히
유희,유히
유희관음,유히과늠
행진유희,행진뉴히
언어유희,어너유히
유희적,유히적
유희공원,유히공원
유희실,유히실
유희하다,유히하다
유희하니,유히하니
유희조각,유히조각
유희조각만,유히조강만
유희요,유히요
유희장,유히장
노래유희,노래유히
유희신통,유히신통
유희인,유히인
유희화,유히화
유희물,유히물
소춘대유희,소춘대유히
유희좌,유히좌
유희자,유히자
유희성,유히썽
유희주의,유히주의
행진유희,행진뉴히
언어유희요,어너유히요
주의,주이
주의,주이
주의,주이
주의,주이
주의,주이
주의,주이
주의,주이
주의,주이
주의,주이
주의,주이
주의,주이
주의,주이
주의,주이
사회주의,사훼주이
민주주의,민주주의
주의하다,주이하다
주의하니,주의하니
중점주의,중쩜주의
견실주의,견실주이
연령주의,열령주이
독일주의,도길주이
유동주의,유동주이
주의하다,주이하다
주의하니,주의하니
탐욕주의적,타묙쭈의적
보급주의,보급쭈의
개발주의,개발주의
세력주의,세력쭈이
매명주의,매명주의
군벌주의,군벌주이
전파주의,전파주의
범논리주의,범놀리주의
민사혼주의,민사혼주의
공산주의,공산주이
주소지법주의,주소지뻡쭈이
주의주의,주이주이
소송주의,소송주이
색정주의,색쩡주이
수신주의,수신주의
염세주의,염세주이
전체주의,전체주의
인도주의,인도주의
자본주의,자본주의
관료주의,괄료주의
패덕주의자,패덕쭈의자
남주의,남주이
공리주의,공니주의
실존주의,실쫀주의
제국주의,제국쭈이
일인일당주의,이리닐땅주이
형벌보응주의,형벌보응주이
소음주의,소음주이
간소주의,간소주이
협의,혀븨
협의,혀븨
협의,혀븨
협의제,혀비제
협의원,혀븨원
구수협의,구수혀비
화충협의,화충혀븨
협의회,혀비훼
화충협의하다,화충혀비하다
화충협의하니,화충혀븨하니
협의하다,혀비하다
협의하니,혀븨하니
재협의,재혀비
협의안,혀븨안
협의되다,혀븨되다
협의되니,혀븨되니
협의풍월전,혀비풍월전
협의하다,혀비하다
협의하니,혀븨하니
협의차,혀븨차
협의율,혀븨율
협의하다,혀비하다
협의하니,혀븨하니
협의장,혀븨장
협의식,혀비식
협의식만,혀븨싱만
협의문,혀븨문
협의점,혀비쩜
협의적,혀븨적
우리,우리
우린,우린
우리니,우리니
거머우리하니,거머우리하니
우리니,우리니
가마우리하니,가마우리하니
우리글,우리
돼지우리,돼지우리
밤우리,바무리
우리범하늘소,우리
가슴우리뼈,가스무리뼈
우리성,우리
강의,강의
강의하다,강이하다
강의하니,강의하니
강의히,강이히
강의소,강의소
강의안,강이안
강의실,강이실
강의성,강이썽
강의법,강이뻡
강의법만,강의뻠만
강의식,강이식
강의식만,강의싱만
강의료,강의료
강의록,강이록
강의록만,강의롱만
강의하다,강이하다
강의하니,강의하니
발강강의,발강강의
꿀강의,꿀강이
강의진,강이진
강의철,강이철
강의권,강이꿘
강의되다,강의되다
강의되니,강의되니
강의형,강이형
강의별,강이별
강의비,강이비
강의비만,강의비만
강의대,강이대
강의용,강의용
강의력,강이력
강의력만,강의령만
강의권,강이꿘
강의명,강이명
강의자,강이자
강의목눌,강이몽눌
강의목눌만,강의몽눌만
눈보라,눈보라
말씨,말씨
말시,말씨
밤나무,밤나무
뫼밤나무,뫼밤나무
밤나무봉산,밤나무봉산
산밤나무,산빰나무
밤나무벌레,밤나무벌레
밤나무산누에나방,밤나무산누에나방
밤나무뿌리,밤나무뿌리
밤나무혹벌,밤나무혹뻘
밤나무잎벌레,밤나무
밤나무왕진딧물,밤나무왕진딘물
약밤나무,약빰나무
모밀잣밤나무,모밀잗빰나무
구슬잣밤나무,구슬잗빰나무
평양밤나무,평양밤나무
멀리,멀리
멀리,멀리
멀리,멀리
멀리멀리,멀리멀리
멀리하다,멀리하다
멀리하니,멀리하니
멀리보기,멀리보기
멀리뛰기,멀리뛰기
저멀리직직,저멀리
벌리다,벌리다
벌리니,벌리니
벌리다,벌리다
벌리니,벌리니
엉벌리니,엉벌리니
엉거벌리니,엉거벌리니
막아벌리니,마가벌리니
떠벌리니,떠벌리니
헤벌리다,헤벌리다
헤벌리니,헤벌리니
첫눈,천눈
첫눈,천눈
참말,참말
참말로,참말
눈멀다,눈멀다
눈멀어,눈머러
눈머니,눈머니
눈머오,눈머오
떠벌리니,떠벌리니
지껄떠벌리니,지껄떠벌리니
반신반의,반신바니
반신반의하다,반신바니하다
반신반의하니,반신바늬하니
재삼재사,재삼재사
감다,감따
감아,가마
감으니,가므니
감다,감따
감아,가마
감으니,가므니
감다,감따
감아,가마
감으니,가므니
감다,감따
감아,가마
감으니,가므니
감다,감다
눈감다,눈감따
눈감아,눈가마
눈감으니,눈가므니
휘감다,휘감따
휘감아,휘가마
휘감으니,휘가므니
되감다,되감따
되감아,되가마
되감으니,되가므니
치감다,치감따
치감아,치가마
치감으니,치가므니
굽이감다,구비감따
굽이감아,구비가마
굽이감으니,구비가므니
내리감다,내리감따
내리감아,내리가마
내리감으니,내리가므니
지르감다,지르감따
지르감아,지르가마
지르감으니,지르가므니
엇감다,얻깜따
엇감아,얻까마
엇감으니,얻까므니
감다감찰,감다
감다할면포유상,감따
감다,감따
감아,가마
감으니,가므니
감다,감따
감아,가마
감으니,가므니
감다,감따
감아,가마
감으니,가므니
감다,감따
감아,가마
감으니,가므니
감다,감다
밟다,밥따
밟아,발바
밟으니,발브니
밟고,밥꼬
밟는,밤는
밟지,밥찌
지르밟다,지르밥따
지르밟아,지르발바
지르밟으니,지르발브니
지르밟고,지르밥꼬
지르밟는,지르밤는
지르밟지,지르밥찌
짓밟다,짇빱따
짓밟아,짇빨바
짓밟으니,짇빨브니
짓밟고,짇빱꼬
짓밟는,짇빰는
짓밟지,짇빱찌
되밟다,되밥따
되밟아,되발바
되밟으니,되발브니
되밟고,되밥꼬
되밟는,되밤는
되밟지,되밥찌
내밟다,내밥따
내밟아,내발바
내밟으니,내발브니
내밟고,내밥꼬
내밟는,내밤는
내밟지,내밥찌
뒤밟다,뒤밥따
뒤밟아,뒤발바
뒤밟으니,뒤발브니
뒤밟고,뒤밥꼬
뒤밟는,뒤밤는
뒤밟지,뒤밥찌
내리밟다,내리밥따
내리밟아,내리발바
내리밟으니,내리발브니
내리밟고,내리밥꼬
내리밟는,내리밤는
내리밟지,내리밥찌
도드밟다,도드밥따
도드밟아,도드발바
도드밟으니,도드발브니
도드밟고,도드밥꼬
도드밟는,도드밤는
도드밟지,도드밥찌
잔다리밟다,잔다리밥따
잔다리밟아,잔다리발바
잔다리밟으니,잔다리발브니
잔다리밟고,잔다리발꼬
잔다리밟는,잔다리밤는
잔다리밟지,잔다리밥찌
밟다,밥따
밟아,발바
밟으니,발브니
밟고,밥꼬
밟는,밤는
밟지,밥찌
신다,신따
신어,시너
신으니,시느니
지르신다,지르신따
지르신어,지르시너
지르신으니,지르시느니
꿰신다,꿰신따
꿰신어,꿰시너
꿰신으니,꿰시느니
덧신다,덛씬따
덧신어,덛씨너
덧신으니,덛씨느니
신어,시너
신다,신따
신어,시너
신으니,시느니
대당신어,대당시너
세설신어,세설시너
첩해신어,처패시너
신어증,시너쯩
도대사신어물,도대사시너물
개수첩해신어,개수처패시너
알다,알다
알아,아라
아니,아니
아오,아오
데알아,데아라
데아니,데아니
데아오,데아오
낯알다,나달다
낯알아,나다라
낯아니,나다니
낯아오,나다오
알다,알다
알아,아라
아니,아니
아오,아오
알아듣다,아라듣따
알아들어,아라드러
알아들으니,아라드르니
알아듣는,아라든는
알아보니,아라보니
알아주니,아라주니
알아내다,알아
알아내니,아라내니
알아차리니,아라차리니
알아채니,아라채니
알아맞히다,아라마치다
알아맞히니,아라마치니
알아먹다,아라먹따
알아먹어,아라머거
알아먹으니,아라머그니
알아먹는,아라멍는
알아맞추다,아라맏추다
알아먹다,아라먹따
알아먹어,아라머거
알아먹으니,아라머그니
알아먹는,아라멍는
알아방이니,아라방이니
끌다,끌다
끌어,끄러
끄니,끄니
끄오,끄오
들이끌어,드리끄러
들이끄니,드리끄니
들이끄오,드리끄오
잡아끌어,자바끄러
잡아끄니,자바끄니
잡아끄오,자바끄오
내끌다,내끌다
내끌어,내끄러
내끄니,내끄니
내끄오,내끄오
들이끌어,드리끄러
들이끄니,드리끄니
들이끄오,드리끄오
끌다,끌다
끌어,끄러
끄니,끄니
끄오,끄오
끌어당기다,끄러당기다
끌어당기니,끄러당기니
끌어내다,끄러내다
끌어내니,끄러내니
끌어안다,끄러안따
끌어안아,끄러아나
끌어안으니,끄러아느니
끌어오다,끄러오다
끌어와,끄러와
끌어오니,끄러오니
끌어올리다,끄러올리다
끌어올리니,끄러올리니
끌어모으다,끄러모으다
끌어모으니,끄러모으니
끌어모아,끄러모아
끌어들이다,끄러드리다
끌어들이니,끄러드리니
끌어내리다,끄러내리다
끌어내리니,끄러내리니
끌어가다,끄러가다
끌어가,끄러가
끌어가니,끄러가니
끌어넣다,끄러너타
끄러넣어,끄러너어
끄러넣으니,끄러너으니
끄러넣는,끄러넌는
끄러넣소,끄러너쏘
끌어대다,끄러대다
끌어대니,끄러대니
끌어매다,끄러매다
끌어매니,끄러매니
끌어올리기,끄러올리기
벌다,벌다
벌어,버러
버니,버니
버오,버오
벌다,벌다
벌어,버러
버니,버니
버오,버오
벌다,벌다
벌어,버러
버니,버니
버오,버오
줌벌다,줌벌다
줌벌어,줌버러
줌버니,줌버니
줌버오,줌버오
막벌다,막뻘다
막벌어,막뻐러
막버니,막뻐니
막버오,막뻐오
벌다,벌다
벌어,버러
버니,버니
버오,버오
벌다,벌다
벌어,버러
버니,버니
버오,버오
벌다,벌다
벌어,버러
버니,버니
버오,버오
벌어지다,버러지다
벌어지니,버러지니
벌어지다,버러지다
벌어지니,버러지니
벌어먹다,버러먹따
벌어먹어,버러머거
벌어먹으니,버러머그니
벌어먹는,버러멍는
벌어들이다,버러드리다
벌어들이니,버러드리니
없다,업따
없어,업써
없으니,업쓰니
없고,업꼬
없는,엄는
없지,업찌
맛없다,마덥따
맛없어,마덥써
맛없으니,마덥쓰니
맛없고,마덥꼬
맛없는,마덤는
맛없지,마덥찌
재미없다,재미업따
재미없어,재미업써
재미없으니,재미업쓰니
재미없고,재미업꼬
재미없는,재미엄는
재미없지,재미업찌
틀림없다,틀리멉따
틀림없어,틀리멉써
틀림없으니,틀리멉쓰니
틀림없고,틀리멉꼬
틀림없는,틀리멈는
틀림없지,틀리멉찌
소용없다,소용업따
소용없어,소용업써
소용없으니,소용업쓰니
소용없고,소용업꼬
소용없는,소용엄는
소용없지,소용업찌
상관없다,상과넙따
상관없어,상과넙써
상관없으니,상과넙쓰니
상관없고,상과넙꼬
상관없는,상과넘는
상관없지,상과넙찌
쓸데없다,쓸떼업따
쓸데없어,쓸떼업써
쓸데없으니,쓸떼업쓰니
쓸데없고,쓸떼업꼬
쓸데없는,쓸떼엄는
쓸데없지,쓸떼업찌
끝없다,끄덥따
끝없어,끄덥써
끝없으니,끄덥쓰니
끝없고,끄덥꼬
끝없는,끄덤는
끝없지,끄덥찌
끊임없다,끄니멉따
다름없다,다르멉따
다름없어,다르멉써
다름없으니,다르멉쓰니
다름없고,다르멉꼬
다름없는,다르멈는
다름없지,다르멉찌
덧없다,더덥따
덧없어,더덥써
덧없으니,더덥쓰니
덧없고,더덥꼬
덧없는,더덤는
덧없지,더덥찌
실없다,시럽따
실없어,시럽써
실없으니,시럽쓰니
실없고,시럽꼬
실없는,시럼는
실없지,시럽찌
어이없다,어이업따
어이없어,어이업써
어이없으니,어이업쓰니
어이없고,어이업꼬
어이없는,어이엄는
어이없지,어이업찌
열없다,여럽따
열없어,여럽써
열없으니,여럽쓰니
열없고,여럽꼬
열없는,여럼는
열없지,여럽찌
지망없다,지망업따
지망없어,지망업써
지망없으니,지망업쓰니
지망없고,지망업꼬
지망없는,지망엄는
지망없지,지망업찌
부질없다,부지럽따
부질없어,부지럽써
부질없으니,부지럽쓰니
부질없고,부지럽꼬
부질없는,부지럼는
부질없지,부지럽찌
하릴없다,하리럽따
하릴없어,하리럽써
하릴없으니,하리럽쓰니
하릴없고,하리럽꼬
하릴없는,하리럼는
하릴없지,하리럽찌
속절없다,속쩌럽따
속절없어,속쩌럽써
속절없으니,속쩌럽쓰니
속절없고,속쩌럽꼬
속절없는,속쩌럼는
속절없지,속쩌럽찌
뜬금없다,뜬그멉따
뜬금없어,뜬그멉써
뜬금없으니,뜬그멉쓰니
뜬금없고,뜬그멉꼬
뜬금없는,뜬그멈는
뜬금없지,뜬그멉찌
보잘것없다,보잘꺼덥따
보잘것없어,보잘꺼덥써
보잘것없으니,보잘꺼덥쓰니
보잘것없고,보잘꺼덥꼬
보잘것없는,보잘꺼덤는
보잘것없지,보잘꺼덥찌
정신없다,정시넙따
정신없어,정시넙써
정신없으니,정시넙쓰니
정신없고,정시넙꼬
정신없는,정시넘는
정신없지,정시넙찌
염치없다,염치업따
염치없어,염치업써
염치없으니,염치업쓰니
염치없고,염치업꼬
염치없는,염치엄는
염치없지,염치업찌
가없다,가업따
가없어,가업써
가없으니,가업쓰니
가없고,가업꼬
가없는,가엄는
가없지,가업찌
철없다,처럽따
철없어,처럽써
철없으니,처럽쓰니
철없고,처럽꼬
철없는,처럼는
철없지,처럽찌
그지없다,그지업따
그지없어,그지업써
그지없으니,그지업쓰니
그지없고,그지업꼬
그지없는,그지엄는
그지없지,그지업찌
빈틈없다,빈트멉따
빈틈없어,빈트멉써
빈틈없으니,빈트멉쓰니
빈틈없고,빈트멉꼬
빈틈없는,빈트멈는
빈틈없지,빈트멉찌
물색없다,물쌔겁따
물색없어,물쌔겁써
물색없으니,물쌔겁쓰니
물색없고,물쌔겁꼬
물색없는,물쌔검는
물색없지,물쌔겁찌
어처구니없다,어처구니업따
어처구니없어,어처구니업써
어처구니없으니,어처구니업쓰니
어처구니없고,어처구니업꼬
어처구니없는,어처구니엄는
어처구니없지,어처구니업찌
영락없다,영나겁따
영락없어,영나겁써
영락없으니,영나겁쓰니
영락없고,영나겁꼬
영락없는,영나검는
영락없지,영나겁찌
진배없다,진배업따
진배없어,진배업써
진배없으니,진배업쓰니
진배없고,진배업꼬
진배없는,진배엄는
진배없지,진배업찌
쓸모없다,쓸모업따
쓸모없어,쓸모업써
쓸모없으니,쓸모업쓰니
쓸모없고,쓸모업꼬
쓸모없는,쓸모엄는
쓸모없지,쓸모업찌
터무니없다,터무니업따
터무니없어,터무니업써
터무니없으니,터무니업쓰니
터무니없고,터무니업꼬
터무니없는,터무니엄는
터무니없지,터무니업찌
일없다,이럽따
일없어,이럽써
일없으니,이럽쓰니
일없고,이럽꼬
일없는,이럼는
일없지,이럽찌
턱없다,터겁따
턱없어,터겁써
턱없으니,터겁쓰니
턱없고,터겁꼬
턱없는,터검는
턱없지,터겁찌
속없다,소겁따
속없어,소겁써
속없으니,소겁쓰니
속없고,소겁꼬
속없는,소검는
속없지,소겁찌
자발없다,자바럽따
자발없어,자바럽써
자발없으니,자바럽쓰니
자발없고,자바럽꼬
자발없는,자바럼는
자발없지,자바럽찌
더없다,더업따
관계없다,관게업따
관계없어,관계업써
관계없으니,관계업쓰니
관계없지,관계업찌
관계없는,관계엄는
관계없고,관계업꼬
형편없다,형펴넙따
형편없어,형펴넙써
형편없으니,형펴넙쓰니
형편없고,형펴넙꼬
형편없는,형펴넘는
형편없지,형펴넙찌
하염없다,하여멉따
하염없어,하여멉써
하염없으니,하여멉쓰니
하염없고,하여멉꼬
하염없는,하여멈는
하염없지,하여멉찌
두서없어,두서업써
두서없으니,두서업쓰니
두서없고,두서업꼬
두서없는,두서엄는
두서없지,두서업찌
값없다,가법따
값없어,가법써
값없으니,가법쓰니
값없고,가법꼬
값없는,가범는
값없지,가법찌
볼품없다,볼푸멉따
볼품없어,볼푸멉써
볼품없으니,볼푸멉쓰니
볼품없고,볼푸멉꼬
볼품없는,볼푸멈는
볼품없지,볼푸멉찌
버릇없다,버르덥따
버릇없어,버르덥써
버릇없으니,버르덥쓰니
버릇없고,버르덥꼬
버릇없는,버르덤는
버릇없지,버르덥찌
채신없다,채시넙따
채신없어,채시넙써
채신없으니,채시넙쓰니
채신없고,채시넙꼬
채신없는,채시넘는
채신없지,채시넙찌
거침없다,거치멉따
거침없어,거치멉써
거침없으니,거치멉쓰니
거침없고,거치멉꼬
거침없는,거치멈는
거침없지,거치멉찌
힘없다,히멉따
힘없어,히멉써
힘없으니,히멉쓰니
힘없고,히멉꼬
힘없는,히멈는
힘없지,히멉찌
얼없다,어럽따
얼없어,어럽써
얼없으니,어럽쓰니
얼없고,어럽꼬
얼없는,어럼는
얼없지,어럽찌
어림없다,어리멉따
어림없어,어리멉써
어림없으니,어리멉쓰니
어림없고,어리멉꼬
어림없는,어리멈는
어림없지,어리멉찌
멋없다,머덥따
멋없어,머덥써
멋없으니,머덥쓰니
멋없고,머덥꼬
멋없는,머덤는
멋없지,머덥찌
맥없다,매겁따
맥없어,매겁써
맥없으니,매겁쓰니
맥없고,매겁꼬
맥없는,매검는
맥없지,매겁찌
한없다,하넙따
수없다,수업따
시름없다,시르멉따
시름없어,시르멉써
시름없으니,시르멉쓰니
시름없고,시르멉꼬
시름없는,시르멈는
시름없지,시르멉찌
대중없다,대중업따
대중없어,대중업써
대중없으니,대중업쓰니
대중없고,대중업꼬
대중없는,대중엄는
대중없지,대중업찌
유례없다,유례업따
유례없어,유례업써
유례없으니,유례업쓰니
유례없고,유례업꼬
유례없는,유례엄는
유례없지,유례업찌
없다,업따
없어,업써
없으니,업쓰니
없고,업꼬
없는,엄는
없지,업찌
감다,감따
감아,가마
감으니,가므니
감다,감따
감아,가마
감으니,가므니
감다,감따
감아,가마
감으니,가므니
감다,감따
감아,가마
감으니,가므니
감다,감다
눈감다,눈감따
눈감아,눈가마
눈감으니,눈가므니
휘감다,휘감따
휘감아,휘가마
휘감으니,휘가므니
되감다,되감따
되감아,되가마
되감으니,되가므니
치감다,치감따
치감아,치가마
치감으니,치가므니
굽이감다,구비감따
굽이감아,구비가마
굽이감으니,구비가므니
내리감다,내리감따
내리감아,내리가마
내리감으니,내리가므니
지르감다,지르감따
지르감아,지르가마
지르감으니,지르가므니
엇감다,얻깜따
엇감아,얻까마
엇감으니,얻까므니
감다감찰,감다
감다할면포유상,감따
감기다,감기다
감기니,감기니
감기니,감기니
감기니,감기니
감기니,감기니
감기니,감기니
감기다,감기다
감기니,감기니
꼬다,꼬다
꼬니,꼬니
비꼬다,비꼬다
비꼬니,비꼬니
배꼬다,배꼬다
배꼬니,배꼬니
뒤꼬니,뒤꼬니
엇꼬다,얻꼬다
엇꼬니,얻꼬니
뒤재비꼬니,뒤재비꼬니
꼬이니,꼬이니
꼬이다,꼬이다
꼬이니,꼬이니
꼬이니,꼬이니
꼬이니,꼬이니
밟다,밥따
밟아,발바
밟으니,발브니
밟고,밥꼬
밟는,밤는
밟지,밥찌
지르밟다,지르밥따
지르밟아,지르발바
지르밟으니,지르발브니
지르밟고,지르밥꼬
지르밟는,지르밤는
지르밟지,지르밥찌
짓밟다,짇빱따
짓밟아,짇빨바
짓밟으니,짇빨브니
짓밟고,짇빱꼬
짓밟는,짇빰는
짓밟지,짇빱찌
되밟다,되밥따
되밟아,되발바
되밟으니,되발브니
되밟고,되밥꼬
되밟는,되밤는
되밟지,되밥찌
내밟다,내밥따
내밟아,내발바
내밟으니,내발브니
내밟고,내밥꼬
내밟는,내밤는
내밟지,내밥찌
뒤밟다,뒤밥따
뒤밟아,뒤발바
뒤밟으니,뒤발브니
뒤밟고,뒤밥꼬
뒤밟는,뒤밤는
뒤밟지,뒤밥찌
내리밟다,내리밥따
내리밟아,내리발바
내리밟으니,내리발브니
내리밟고,내리밥꼬
내리밟는,내리밤는
내리밟지,내리밥찌
도드밟다,도드밥따
도드밟아,도드발바
도드밟으니,도드발브니
도드밟고,도드밥꼬
도드밟는,도드밤는
도드밟지,도드밥찌
잔다리밟다,잔다리밥따
잔다리밟아,잔다리발바
잔다리밟으니,잔다리발브니
잔다리밟고,잔다리발꼬
잔다리밟는,잔다리밤는
잔다리밟지,잔다리밥찌
밟히다,발피다
밟히니,발피니
뒤밟히다,뒤발피다
뒤밟히니,뒤발피니
끌리다,끌리다
끌리니,끌리니
비끌리다,비끌리다
비끌리니,비끌리니
벌리다,벌리다
벌리니,벌리니
벌리다,벌리다
벌리니,벌리니
엉벌리니,엉벌리니
엉거벌리니,엉거벌리니
막아벌리니,마가벌리니
떠벌리니,떠벌리니
헤벌리다,헤벌리다
헤벌리니,헤벌리니
밀물하니,밀물하니
밀물받이,밀물
밀물지니,밀물지니
썰물,썰물
쏜살같이,쏜살가치
작은아버지,자그나버지
작다,작따
작아,자가
작으니,자그니
작다,작따
작아,자가
작으니,자그니
아버지,아버지
닦다,닥따
닦아,다까
닦으니,다끄니
닦는,당는
갈고닦다,갈고닥따
갈고닦아,갈고다까
갈고닦으니,갈고다끄니
갈고닦는,갈고당는
훌닦다,훌닥따
훌닦아,훌다까
훌닦으니,훌다끄니
훌닦는,훌당는
갈닦다,갈닥따
갈닦아,갈다까
갈닦으니,갈다끄니
갈닦는,갈당는
키읔,키윽
키읔이,키으기
키읔만,키응만
키읔,키윽
키읔이,키으기
키읔만,키응만
옷,옫
옷만,온만
속옷,소곧
속옷만,소곤만
잠옷,자몯
잠옷만,자몬만
옷차림,옫차림
옷보,옫뽀
망옷,망옫
망옷만,망온만
물옷,무롣
물옷만,무론만
눈옷,누녿
눈옷만,누논만
옷보,옫뽀
색옷,새곧
색옷만,새곤만
버들옷,버드롣
버들옷만,버드론만
옷상자,옫쌍자
구름옷,구르몯
구름옷만,구르몬만
옷깃,옫낃
옷깃만,옫낀만
신옷,시녿
신옷만,시논만
광목옷,광모곧
광목옷만,광모곤만
차림옷,차리몯
차림옷만,차리몬만
옷타박,옫타박
옷타박만,옫타방만
사발옷,사바롣
사발옷만,사바론만
전옷,저녿
전옷만,저논만
막옷,마곧
막옷만,마곤만
윗옷,위돋
윗옷만,위돈만
웃옷,우돋
웃옷만,우돈만
옷사치,옫싸치
달걀옷,달갸롣
달걀옷만,달갸론만
목욕옷,모교곧
목욕옷만,모교곤만
관례옷,괄례옫
관례옷만,괄례온만
겉옷,거돋
겉옷만,거돈만
안옷,아녿
안옷만,아논만
갑옷,가볻
갑옷만,가본만
기름옷,기르몯
기름옷만,기르몬만
꼬까옷,꼬까옫
꼬까옷만,꼬까온만
사기옷,사기옫
사기옷만,사기온만
바깥옷,바까돋
바깥옷만,바까돈만
홑옷,호돋
홑옷만,호돈만
옷의,오디
먹옷,머곧
먹옷만,머곤만
옷감,옫깜
옷장,옫짱
옷섶,옫썹
옷섶이,옫써피
옷섶만,옫썸만
놀이옷,노리옫
놀이옷만,노리온만
옷줄임,옫쭈림
위장옷,위장옫
위장옷만,위장온만
등산옷,등사녿
등산옷만,등사논만
박이옷,바기옫
박이옷만,바기온만
옷주제,옫쭈제
덧옷,더돋
덧옷만,더돈만
옷타박하다,옫타바카다
옷타박하니,옫타바카니
들옷,드롣
들옷만,드론만
동옷,동옫
동옷만,동온만
옷끈,옫끈
핫옷,하돋
핫옷만,하돈만
옷장,옫짱
옷단,옫딴
비옷,비옫
비옷만,비온만
웃다,욷따
웃어,우서
웃으니,우스니
웃는,운는
들이웃다,드리욷따
들이웃어,드리우서
들이웃으니,드리우스니
들이웃는,드리운는
짜드라웃다,짜드라욷따
짜드라웃어,짜드라우서
짜드라웃으니,짜드라우스니
짜드라웃는,짜드라운는
있다,읻따
있어,이써
있으니,이쓰니
있는,인는
맛있다,마싣따
맛있어,마디써
맛있으니,마디쓰니
맛있는,마딘는
재미있다,재미읻따
재미있어,재미이써
재미있으니,재미이쓰니
재미있는,재미인는
멋있다,머싣따
멋있어,머디써
멋있으니,머디쓰니
멋있는,머딘는
가만있다,가마닏따
가만있어,가마니써
가만있으니,가마니쓰니
가만있는,가마닌는
뜻있다,뜨딛따
뜻있어,뜨디써
뜻있으니,뜨디쓰니
뜻있는,뜨딘는
값있다,가빋따
값있어,가비써
값있으니,가비쓰니
값있는,가빈는
빛있다,비딛따
빛있어,비디써
빛있으니,비디쓰니
빛있는,비딘는
지멸있다,지며릳따
지멸있어,지며리써
지멸있으니,지며리쓰니
지멸있는,지며린는
상관있다,상과닏따
상관있어,상과니써
상관있으니,상과니쓰니
상관있는,상과닌는
관계있다,관게읻따
관계있어,관계이써
관계있으니,관계이쓰니
관계있는,관계있는
실여있다,시려읻따
실여있어,시려이써
실여있으니,시려이쓰니
실여있는,시려인는
다기있다,다기읻따
다기있어,다기이써
다기있으니,다기이쓰니
다기있는,다기인는
젖,젇
젖이,저지
젖만,전만
쉰젖,쉰젇
쉰젖이,쉰저지
쉰젖만,쉰전만
생젖,생젇
생젖이,생저지
생젖만,생전만
첫젖,첟쩓
첫젖이,첟쩌지
첫젖만,첟쩐만
찰젖,찰젇
찰젖이,찰저지
찰젖만,찰전만
젖밸,젇뺄
젖마,전마
젖히다,저치다
젖히니,저치니
날젖,날젇
날젖이,날저지
날젖만,날전만
젖단백질,젇딴백찔
귀젖,귀젇
귀젖이,귀저지
귀젖만,귀전만
젖산물,젇싼물
젖송이,젇쏭이
젖감질,젇깜질
젖니,전니
젖탈,젇탈
목젖,목쩓
목젖이,목쩌지
목젖만,목쩐만
젖풀,젇풀
콩젖,콩젇
콩젖이,콩저지
콩젖만,콩전만
젖통,젇통
젖살,젇쌀
젖소,젇쏘
젖산,젇싼
젖내,전내
구유젖,구유젇
구유젖이,구유저지
구유젖만,구유전만
젖머슴,전머슴
젖줄,젇쭐
젖빌다,젇삘다
젖빌어,젇삐러
젖비니,젇삐니
젖비오,젇삐오
젖꼭지,젇꼭찌
참젖,참쩓
참젖이,참쩌지
참젖만,참쩐만
통젖,통젇
통젖이,통저지
통젖만,통전만
쥐젖,쥐젇
쥐젖이,쥐저지
쥐젖만,쥐전만
젖국,젇꾹
젖국만,젇꿍만
배젖,배젇
배젖이,배저지
배젖만,배전만
젖당,젇땅
젖샘,젇쌤
돌림젖,돌림젇
돌림젖이,돌림저지
돌림젖만,돌림전만
젖병,젇뼝
젖빛,젇삗
젖빛이,젇삐치
젖빛만,젇삔만
젖몸살하다,전몸살하다
젖몸살하니,전몸살하니
물젖,물젇
물젖이,물저지
물젖만,물전만
양젖,양젇
양젖이,양저지
양젖만,양전만
젖몸,전몸
젖배,젇빼
씨젖,씨젇
씨젖이,씨저지
씨젖만,씨전만
쇠젖,쉐젇
쇠젖이,쇠저지
쇠젖만,쇠전만
참젖,참젇
참젖이,참저지
참젖만,참전만
젖털,젇털
젖병,젇뼝
젖관,젇꽌
귀젖,귀젇
귀젖이,귀저지
귀젖만,귀전만
병젖,병젇
병젖이,병저지
병젖만,병전만
솥젖,솓쩓
솥젖이,솓쩌지
솥젖만,솓쩐만
젖양,전냥
짝젖,짝쩓
짝젖이,짝쩌지
짝젖만,짝쩐만
젖색,젇쌕
젖색만,젇쌩만
빚다,빋따
빚어,비저
빚으니,비즈니
빚는,빈는
쥐빚다,쥐빋따
쥐빚어,쥐비저
쥐빚으니,쥐비즈니
쥐빚는,쥐빈는
꽃,꼳
꽃이,꼬치
꽃만,꼰만
꽃,꼳
꽃이,꼬치
꽃만,꼰만
꽃,꼳
꽃이,꼬치
꽃만,꼰만
불꽃,불꼳
불꽃이,불꼬치
불꽃만,불꼰만
꽃잎,꼰닙
꽃잎이,꼰니피
꽃잎만,꼰님만
꽃씨,꼳씨
꽃반,꼳빤
꽃말,꼰말
철꽃,철꼳
철꽃이,철꼬치
철꽃만,철꼰만
벚꽃,벋꼳
벚꽃이,벋꼬치
벚꽃만,벋꼰만
꽃괘,꼳꽤
대롱꽃,대롱꼳
대롱꽃이,대롱꼬치
대롱꽃만,대롱꼰만
매미꽃,매미꼳
매미꽃이,매미꼬치
매미꽃만,매미꼰만
연꽃,연꼳
연꽃이,연꼬치
연꽃만,연꼰만
삼꽃,삼꼳
삼꽃이,삼꼬치
삼꽃만,삼꼰만
꽃모습,꼰모습
꽃모습만,꼰모슴만
꽃벼룩,꼳뼈룩
꽃벼룩만,꼳뼈룽만
꽃전등,꼳쩐등
두메탑꽃,두메탑꼳
두메탑꽃이,두메탑꼬치
두메탑꽃만,두메탑꼰만
왜개연꽃,왜개연꼳
왜개연꽃이,왜개연꼬치
왜개연꽃만,왜개연꼰만
꽃주머니,꼳쭈머니
큰개별꽃,큰개별꼳
큰개별꽃이,큰개별꼬치
큰개별꽃만,큰개별꼰만
꽃실,꼳씰
꽃맺이,꼰매지
산호꽃,산호꼳
산호꽃이,산호꼬치
산호꽃만,산호꼰만
꽃개오동,꼳깨오동
종다리꽃,종다리꼳
종다리꽃이,종다리꼬치
종다리꽃만,종다리꼰만
왜오랑캐꽃,왜오랑캐꼳
왜오랑캐꽃이,왜오랑캐꼬치
왜오랑캐꽃만,왜오랑캐꼰만
누운딱지꽃,누운딱찌꼳
누운딱지꽃이,누운딱찌꼬치
누운딱지꽃만,누운딱찌꼰만
함소꽃,함소꼳
함소꽃이,함소꼬치
함소꽃만,함소꼰만
꽃모종하다,꼰모종하다
꽃모종하니,꼰모종하니
꽃밭,꼳빧
꽃밭이,꼳빠치
꽃밭을,꼳빠틀
꽃밭만,꼳빤만
적꽃,적꼳
적꽃이,적꼬치
적꽃만,적꼰만
꽃황,꼬퇑
꽃게,꼳께
십자꽃,십짜꼳
십자꽃이,십짜꼬치
십자꽃만,십짜꼰만
꽃바지,꼳빠지
꽃가위,꼳까위
긴꽃고사리삼,긴꼳꼬사리삼
보릿짚꽃,보릳찝꼳
보릿짚꽃이,보리찝꼬치
보릿짚꽃만,보리찝꼰만
꽃미투리,꼰미투리
민백미꽃,민뱅미꼳
민백미꽃이,민뱅미꼬치
민백미꽃만,민뱅미꼰만
물양지꽃,물량지꼳
물양지꽃이,물량지꼬치
물양지꽃만,물량지꼰만
다섯잎꽃,다선닙꼳
다섯잎꽃이,다선닙꼬치
다섯잎꽃만,다선닙꼰만
덩굴개별꽃,덩굴개별꼳
덩굴개별꽃이,덩굴개별꼬치
덩굴개별꽃만,덩굴개별꼰만
눈꽃,눈꼳
눈꽃이,눈꼬치
눈꽃만,눈꼰만
참꽃,참꼳
참꽃이,참꼬치
참꽃만,참꼰만
따꽃,따꼳
따꽃이,따꼬치
따꽃만,따꼰만
꽃굴,꼳꿀
등꽃,등꼳
등꽃이,등꼬치
등꽃만,등꼰만
동백꽃,동백꼳
동백꽃이,동백꼬치
동백꽃만,동백꼰만
봄꽃,봄꼳
봄꽃이,봄꼬치
봄꽃만,봄꼰만
검은꽃낭아초,거믄꼰낭아초
덩굴민백미꽃,덩굴민뱅미꼳
덩굴민백미꽃이,덩굴민뱅미꼬치
덩굴민백미꽃만,덩굴민뱅미꼰만
알꽃벼룩,알꼳뼈룩
알꽃벼룩만,알꼳뼈룽만
수꽃이삭,수꼰니삭
수꽃이삭만,수꼰니상만
쫓다,쫃따
쫓아,쪼차
쫓으니,쪼츠니
쫓는,쫀는
내려쫓다,내려쫃따
내려쫓아,내려쪼차
내려쫓으니,내려쪼츠니
내려쫓는,내려쫀는
뒤쫓다,뒤쫃따
뒤쫓아,뒤쪼차
뒤쫓으니,뒤쪼츠니
뒤쫓는,뒤쫀는
내쫓다,내쫃따
내쫓아,내쪼차
내쫓으니,내쪼츠니
내쫓는,내쫀는
되쫓다,되쫃따
되쫓아,되쪼차
되쫓으니,되쪼츠니
되쫓는,되쫀는
들쫓다,들쫃따
들쫓아,들쪼차
들쫓으니,들쪼츠니
들쫓는,들쫀는
내리쫓다,내리쫃따
내리쫓아,내리쪼차
내리쫓으니,내리쪼츠니
내리쫓는,내리쫀는
솥,솓
솥이,소치
솥을,소틀
솥만,손만
밥솥,밥쏟
밥솥이,밥쏘치
밥솥을,밥쏘틀
밥솥만,밥쏜만
쇠솥,쇠솓
쇠솥이,쇠소치
쇠솥을,쇠소틀
쇠솥만,쇠손만
질솥,질솓
질솥이,질소치
질솥을,질소틀
질솥만,질손만
옹솥,옹솓
옹솥이,옹소치
옹솥을,옹소틀
옹솥만,옹손만
솥물,손물
왜솥,왜솓
왜솥이,왜소치
왜솥을,왜소틀
왜솥만,왜손만
한뎃솥,한덷쏟
오가리솥,오가리솓
오가리솥이,오가리소치
오가리솥을,오가리소틀
오가리솥만,오가리손만
발솥,발솓
발솥이,발소치
발솥을,발소틀
발솥만,발손만
양솥,양솓
양솥이,양소치
양솥을,양소틀
양솥만,양손만
솥정,솓쩡
옹기솥,옹기솓
옹기솥이,옹기소치
옹기솥을,옹기소틀
옹기솥만,옹기손만
솥검정,솓껌정
솥이맛돌,손니맏똘
딴솥,딴솓
딴솥이,딴소치
딴솥을,딴소틀
딴솥만,딴손만
솥귀,솓뀌
자루솥,자루솓
자루솥이,자루소치
자루솥을,자루소틀
자루솥만,자루손만
다갈솥,다갈솓
다갈솥이,다갈소치
다갈솥을,다갈소틀
다갈솥만,다갈손만
미음솥,미음쏟
미음솥이,미음쏘치
미음솥을,미음쏘틀
미음솥만,미음쏜만
군불솥,군불솓
군불솥이,군불소치
군불솥을,군불소틀
군불솥만,군불손만
솥땜장이,솓땜장이
화솥,화솓
화솥이,화소치
화솥을,화소틀
화솥만,화손만
솥붙이,솓뿌치
솥지기,솓찌기
고압솥,고압쏟
고압솥이,고압쏘치
고압솥을,고압쏘틀
고압솥만,고압쏜만
가마솥,가마솓
가마솥이,가마소치
가마솥을,가마소틀
가마솥만,가마손만
솥발,솓빨
솥점,솓쩜
증기솥,증기솓
증기솥이,증기소치
증기솥을,증기소틀
증기솥만,증기손만
단솥,단솓
단솥이,단소치
단솥을,단소틀
단솥만,단손만
솥솔,솓쏠
헛솥,헏쏟
헛솥이,헏쏘치
헛솥을,헏쏘틀
헛솥만,헏쏜만
솥전,솓쩐
옹솥,옹솓
옹솥이,옹소치
옹솥을,옹소틀
옹솥만,옹손만
솥젖,솓쩓
솥젖이,솓쩌지
솥젖만,솓쩐만
중솥,중솓
중솥이,중소치
중솥을,중소틀
중솥만,중손만
실솥,실솓
실솥이,실소치
실솥을,실소틀
실솥만,실손만
솥전,솓쩐
탕솥,탕솓
탕솥이,탕소치
탕솥을,탕소틀
탕솥만,탕손만
큰솥,큰솓
큰솥이,큰소치
큰솥을,큰소틀
큰솥만,큰손만
돌솥,돌솓
돌솥이,돌소치
돌솥을,돌소틀
돌솥만,돌손만
대롱솥,대롱솓
대롱솥이,대롱소치
대롱솥을,대롱소틀
대롱솥만,대롱손만
솥뚜껑,솓뚜껑
쇠죽솥,쇠죽쏟
쇠죽솥이,쇠죽쏘치
쇠죽솥을,쇠죽쏘틀
쇠죽솥만,쇠죽쏜만
세발솥,세발솓
세발솥이,세발소치
세발솥을,세발소틀
세발솥만,세발손만
옹달솥,옹달솓
옹달솥이,옹달소치
옹달솥을,옹달소틀
옹달솥만,옹달손만
무쇠솥,무쉐솓
무쇠솥이,무쇠소치
무쇠솥을,무쇠소틀
무쇠솥만,무쇠손만
노구솥,노구솓
노구솥이,노구소치
노구솥을,노구소틀
노구솥만,노구손만
곱돌솥,곱똘솓
곱돌솥이,곱똘소치
곱돌솥을,곱똘소틀
곱돌솥만,곱똘손만
전기솥,전기솓
전기솥이,전기소치
전기솥을,전기소틀
전기솥만,전기손만
소죽솥,소죽쏟
소죽솥이,소죽쏘치
소죽솥을,소죽쏘틀
소죽솥만,소죽쏜만
회전솥,회전솓
회전솥이,회전소치
회전솥을,회전소틀
회전솥만,회전손만
솥단지,솓딴지
압력솥,암녁쏟
압력솥이,암녁쏘치
압력솥을,암녁쏘틀
압력솥만,암녁쏜만
양은솥,양은솓
양은솥이,양은소치
양은솥을,양은소틀
양은솥만,양은손만
가마솥더위,가마솓떠위
다리굽은솥력,다리구븐손녁
다리굽은솥력만,다리구븐손녕만
뱉다,밷따
뱉어,배터
뱉으니,배트니
뱉는,밴는
내뱉다,내밷따
내뱉어,내배터
내뱉으니,내배트니
내뱉는,내밴는
곤두뱉다,곤두밷따
곤두뱉어,곤두배터
곤두뱉으니,곤두배트니
곤두뱉는,곤두밴는
씹어뱉다,씨버밷따
씹어뱉어,씨버배터
씹어뱉으니,씨버배트니
씹어뱉는,씨버밴는
앞,압
앞이,아피
앞만,암만
눈앞,누납
눈앞이,누나피
눈앞만,누남만
앞서다,압써다
앞서,압써
앞서니,압써니
앞뒤,압뛰
앞길,압낄
앞쪽,압쪽
앞쪽만,압쫑만
앞서,압써
앞날,암날
앞문,암문
앞두다,압뚜다
앞두니,압뚜니
앞바다,압빠다
앞개,압깨
앞채,압채
앞앞,아밥
앞앞이,아바피
앞앞만,아밤만
앞맵시,암맵씨
앞발길,압빨낄
앞밭,압빧
앞밭이,압빠치
앞밭을,압빠틀
앞밭만,압빤만
앞고개,압꼬개
앞창,압창
앞재,압째
앞가지,압까지
앞곤두,압꼰두
앞바탕,압빠탕
앞보름,압뽀름
앞대문,압때문
앞넣다,암너타
앞넣어,암너어
앞넣으니,암너으니
앞넣는,암넌는
앞넣소,암너쏘
앞앞이,아바피
앞소리꾼,압쏘리꾼
앞뒷문,압뛴문
노앞,노압
노앞이,노아피
노앞만,노암만
앞강토,압깡토
앞거리,압꺼리
앞걸,압껄
앞죽,압쭉
앞죽만,압쭝만
앞말,암말
앞섶,압썹
앞섶이,압써피
앞섶만,압썸만
앞채,압채
앞모양,암모양
앞생각,압쌩각
앞생각만,압쌩강만
앞깃선,압낃썬
앞버덩,압뻐덩
앞조각,압쪼각
앞조각만,압쪼강만
코앞,코압
코앞이,코아피
코앞만,코암만
줌앞,주맙
줌앞이,주마피
줌앞만,주맘만
앞장,압짱
앞트기,압트기
앞뚜룩,압뚜룩
앞뚜룩만,압뚜룽만
앞팔꿉,압팔꿉
앞팔꿉만,압팔꿈만
앞개울,압깨울
앞과장,압꽈장
앞갈비,압깔비
앞놀이,암노리
앞그루,압끄루
앞발목뼈,압빨목뼈
베틀앞기둥,베트랍끼둥
앞걸어뜨기,압꺼러뜨기
앞뒤축,압뛰축
앞뒤축만,압뛰충만
앞잡이,압짜비
덮다,덥따
덮어,더퍼
덮으니,더프니
덮는,덤는
덧덮다,덛떱따
덧덮어,덛떠퍼
덧덮으니,덛떠프니
덧덮는,덛떰는
뒤덮다,뒤덥따
뒤덮어,뒤더퍼
뒤덮으니,뒤더프니
뒤덮는,뒤덤는
맞덮다,맏떱따
맞덮어,맏떠퍼
맞덮으니,맏떠프니
맞덮는,맏떰는
위덮다,위덥따
위덮어,위더퍼
위덮으니,위더프니
위덮는,위덤는
치덮다,치덥따
치덮어,치더퍼
치덮으니,치더프니
치덮는,치덤는
두덮다,두덥따
두덮어,두더퍼
두덮으니,두더프니
두덮는,두덤는
휘덮다,휘덥따
휘덮어,휘더퍼
휘덮으니,휘더프니
휘덮는,휘덤는
내리덮다,내리덥따
내리덮어,내리더퍼
내리덮으니,내리더프니
내리덮는,내리덤는
그러덮다,그러덥따
그러덮어,그러더퍼
그러덮으니,그러더프니
그러덮는,그러덤는
넋,넉
넋이,넉씨
넋만,넝만
넋반,넉빤
넋전,넉쩐
넋청,넉청
넋두리,넉뚜리
넋들임,넉뜨림
넋맞이,넝마지
넋대,넉때
넋굿,넉꾿
넋굿만,넉꾼만
넋올림,너골림
넋풀이,넉푸리
넋걷이,넉꺼지
넋타령,넉타령
넋받이,넉빠지
넋자리,넉짜리
넋풀이굿,넉푸리굳
넋풀이굿만,넉푸리군만
넋올리기,너골리기
넋건지기굿,넉껀지기굳
넋건지기굿만,넉껀지기군만
넋들임,넉뜨림
넋,넉
넋이,넉씨
넋만,넝만
넋반,넉빤
넋전,넉쩐
넋청,넉청
넋두리,넉뚜리
넋들임,넉뜨림
넋맞이,넝마지
넋대,넉때
넋굿,넉꾿
넋굿만,넉꾼만
넋올림,너골림
넋풀이,넉푸리
넋걷이,넉꺼지
넋타령,넉타령
넋받이,넉빠지
넋자리,넉짜리
넋풀이굿,넉푸리굳
넋풀이굿만,넉푸리군만
넋올리기,너골리기
넋건지기굿,넉껀지기굳
넋건지기굿만,넉껀지기군만
넋들임,넉뜨림
앉다,안따
앉아,안자
앉으니,안즈니
앉고,안꼬
앉는,안는
앉지,안찌
가라앉다,가라안따
가라앉아,가라안자
가라앉으니,가라안즈니
가라앉고,가라안꼬
가라앉는,가라안는
가라앉지,가라안찌
주저앉다,주저안따
주저앉아,주저안자
주저앉으니,주저안즈니
주저앉고,주저안꼬
주저앉는,주저안는
주저앉지,주저안찌
옮아앉다,올마안따
옮아앉아,올마안자
옮아앉으니,올마안즈니
옮아앉고,올마안꼬
옮아앉는,올마안는
옮아앉지,올마안찌
맞앉다,마단따
맞앉아,마단자
맞앉으니,마단즈니
맞앉고,마단꼬
맞앉는,마단는
맞앉지,마단찌
물앉다,무란따
물앉아,무란자
물앉으니,무란즈니
물앉고,무란꼬
물앉는,무란는
물앉지,무란찌
꿇앉다,꾸란따
꿇앉아,꾸란자
꿇앉으니,꾸란즈니
꿇앉고,꾸란꼬
꿇앉는,꾸란는
꿇앉지,꾸란찌
내려앉다,내려안따
내려앉아,내려안자
내려앉으니,내려안즈니
내려앉고,내려안꼬
내려앉는,내려안는
내려앉지,내려안찌
돌앉다,도란따
돌앉아,도란자
돌앉으니,도란즈니
돌앉고,도란꼬
돌앉는,도란는
돌앉지,도란찌
걸터앉다,걸터안따
걸터앉아,걸터안자
걸터앉으니,걸터안즈니
걸터앉고,걸터안꼬
걸터앉는,걸터안는
걸터앉지,걸터안찌
나앉다,나안따
나앉아,나안자
나앉으니,나안즈니
나앉고,나안꼬
나앉는,나안는
나앉지,나안찌
덧앉다,더단따
덧앉아,더단자
덧앉으니,더단즈니
덧앉고,더단꼬
덧앉는,더단는
덧앉지,더단찌
삭아앉다,사가안따
삭아앉아,사가안자
삭아앉으니,사가안즈니
삭아앉고,사가안꼬
삭아앉는,사가안는
삭아앉지,사가안찌
들어앉다,드러안따
들어앉아,드러안자
들어앉으니,드러안즈니
들어앉고,드러안꼬
들어앉는,드러안는
들어앉지,드러안찌
내앉다,내안따
내앉아,내안자
내앉으니,내안즈니
내앉고,내안꼬
내앉는,내안는
내앉지,내안찌
되앉다,되안따
되앉아,되안자
되앉으니,되안즈니
되앉고,되안꼬
되앉는,되안는
되앉지,되안찌
갈앉다,가란따
갈앉아,가란자
갈앉으니,가란즈니
갈앉는,가란는
걸앉다,거란따
걸앉아,거란자
걸앉으니,거란즈니
걸앉고,거란꼬
걸앉는,거란는
걸앉지,거란찌
물러앉다,물러안따
물러앉아,물러안자
물러앉으니,물러안즈니
물러앉고,물러안꼬
물러앉는,물러안는
물러앉지,물러안찌
들앉다,드란따
들앉아,드란자
들앉으니,드란즈니
들앉고,드란꼬
들앉는,드란는
들앉지,드란찌
눌러앉다,눌러안따
눌러앉아,눌러안자
눌러앉으니,눌러안즈니
눌러앉고,눌러안꼬
눌러앉는,눌러안는
눌러앉지,눌러안찌
불똥앉다,불똥안따
불똥앉아,불똥안자
불똥앉으니,불똥안즈니
불똥앉고,불똥안꼬
불똥앉는,불똥안는
불똥앉지,불똥안찌
걸어앉다,거러안따
걸어앉아,거러안자
걸어앉으니,거러안즈니
걸어앉고,거러안꼬
걸어앉는,거러안는
걸어앉지,거러안찌
등화앉다,등화안따
등화앉아,등화안자
등화앉으니,등화안즈니
등화앉고,등화안꼬
등화앉는,등화안는
등화앉지,등화안찌
꿇어앉다,꾸러안따
꿇어앉아,꾸러안자
꿇어앉으니,꾸러안즈니
꿇어앉고,꾸러안꼬
꿇어앉는,꾸러안는
꿇어앉지,꾸러안찌
둘러앉다,둘러안따
둘러앉아,둘러안자
둘러앉으니,둘러안즈니
둘러앉고,둘러안꼬
둘러앉는,둘러안는
둘러앉지,둘러안찌
기대앉다,기대안따
기대앉아,기대안자
기대앉으니,기대안즈니
기대앉고,기대안꼬
기대앉는,기대안는
기대앉지,기대안찌
올라앉다,올라안따
올라앉아,올라안자
올라앉으니,올라안즈니
올라앉고,올라안꼬
올라앉는,올라안는
올라앉지,올라안찌
건너앉다,건너안따
건너앉아,건너안자
건너앉으니,건너안즈니
건너앉고,건너안꼬
건너앉는,건너안는
건너앉지,건너안찌
외어앉다,외어안따
외어앉아,외어안자
외어앉으니,외어안즈니
외어앉는,외어안는
일어앉다,이러안따
일어앉아,이러안자
일어앉으니,이러안즈니
일어앉고,이러안꼬
일어앉는,이러안는
일어앉지,이러안찌
늘어앉다,느러안따
늘어앉아,느러안자
늘어앉으니,느러안즈니
늘어앉고,느러안꼬
늘어앉는,느러안는
늘어앉지,느러안찌
도두앉다,도두안따
도두앉아,도두안자
도두앉으니,도두안즈니
도두앉고,도두안꼬
도두앉는,도두안는
도두앉지,도두안찌
무너앉다,무너안따
무너앉아,무너안자
무너앉으니,무너안즈니
돌라앉다,돌라안따
돌라앉아,돌라안자
돌라앉으니,돌라안즈니
돌라앉고,돌라안꼬
돌라앉는,돌라안는
돌라앉지,돌라안찌
차고앉다,차고안따
차고앉아,차고안자
차고앉으니,차고안즈니
차고앉고,차고안꼬
차고앉는,차고안는
차고앉지,차고안찌
퍼더앉다,퍼더안따
퍼더앉아,퍼더안자
퍼더앉으니,퍼더안즈니
퍼더앉고,퍼더안꼬
퍼더앉는,퍼더안는
퍼더앉지,퍼더안찌
곧추앉다,곧추안따
곧추앉아,곧추안자
곧추앉으니,곧추안즈니
곧추앉고,곧추안꼬
곧추앉는,곧추안는
곧추앉지,곧추안찌
돌아앉다,도라안따
돌아앉아,도라안자
돌아앉으니,도라안즈니
돌아앉고,도라안꼬
돌아앉는,도라안는
돌아앉지,도라안찌
다가앉다,다가안따
다가앉아,다가안자
다가앉으니,다가안즈니
다가앉고,다가안꼬
다가앉는,다가안는
다가앉지,다가안찌
여덟,여덜
여덟이,여덜비
여덟만,여덜만
여덟팔,여덜팔
여덟째,여덜째
여덟새,여덜쌔
여덟모,여덜모
일여덟,이려덜
일여덟이,이려덜비
일여덟만,이려덜만
일고여덟,일고여덜
일고여덟이,일고여덜비
일고여덟만,일고여덜만
여덟아홉,여더라홉
여덟아홉만,여더라홈만
여덟달반,여덜딸반
여덟무날,여덜무날
여덟동가리,여덜똥가리
바른여덟모꼴,바른녀덜모꼴
거꾸로여덟팔나비,거꾸로여덜팔라비
여덟팔자걸음,여덜팔짜거름
여덟팔자수염,여덜팔짜수염
넓다,널따
넓어,널버
넓으니,널브니
넓고,널꼬
넓지,널찌
폭넓다,퐁널따
폭넓어,퐁널버
폭넓으니,퐁널브니
폭넓고,퐁널꼬
폭넓지,퐁널찌
드넓다,드널따
드넓어,드널버
드넓으니,드널브니
드넓고,드널꼬
드넓지,드널찌
휘넓다,휘널따
휘넓어,휘널버
휘넓으니,휘널브니
휘넓고,휘널꼬
휘넓지,휘널찌
크넓다,크널따
크넓어,크널버
크넓으니,크널브니
크넓고,크널꼬
크넓지,크널찌
넓디넓다,널띠널따
넓디넓어,널띠널버
넓디넓으니,널띠널브니
넓디넓고,널띠널꼬
넓디넓지,널띠널찌
허허넓다,허허널따
허허넓어,허허널버
허허넓으니,허허널브니
허허넓고,허허널꼬
허허넓지,허허널찌
넓다듬이질,넙따드미질
허허넓다,허허널따
허허넓어,허허널버
허허넓으니,허허널브니
허허넓고,허허널꼬
허허넓지,허허널찌
외곬,외골
외곬이,외골씨
외곬만,외골만
핥다,할따
핥아,할타
핥으니,할트니
핥고,할꼬
핥는,할른
핥지,할찌
겉핥다,거탈따
겉핥아,거탈타
겉핥으니,거탈트니
겉핥고,거탈꼬
겉핥는,거탈른
겉핥지,거탈찌
값,갑
값이,갑씨
값만,감만
싼값,싼갑
싼값이,싼갑씨
싼값만,싼감만
값싸다,갑싸다
값싸,갑싸
값싸니,갑싸니
찬값,찬깝
찬값이,찬깝씨
찬값만,찬깜만
교찻값,교차깝
교찻값이,교차깝씨
교찻값만,교차깜만
유한값,유한깝
유한값이,유한깝씨
유한값만,유한깜만
판값,판갑
판값이,판갑씨
판값만,판감만
열값,열깝
열값이,열깝씨
열값만,열깜만
꼴값,꼴깝
꼴값이,꼴깝씨
꼴값만,꼴깜만
값어치,가버치
떡값,떡깝
떡값이,떡깝씨
떡값만,떡깜만
밥값,밥깝
밥값이,밥깝씨
밥값만,밥깜만
값지다,갑찌다
값지니,갑찌니
죗값,죄깝
죗값이,죄깝씨
죗값만,죄깜만
킷값,키깝
킷값이,키깝씨
킷값만,키깜만
산값,산갑
산값이,산갑씨
산값만,산감만
헐값,헐깝
헐값이,헐깝씨
헐값만,헐깜만
몸값,몸깝
몸값이,몸깝씨
몸값만,몸깜만
영입력값,영임녁깝
영입력값이,영임녁깝씨
영입력값만,영임녁깜만
극값,극깝
극값이,극깝씨
극값만,극깜만
금값,금깝
금값이,금깝씨
금값만,금깜만
집값,집깝
집값이,집깝씨
집값만,집깜만
책값,책깝
책값이,책깝씨
책값만,책깜만
땅값,땅깝
땅값이,땅깝씨
땅값만,땅깜만
값표,갑표
갯값,갣깝
갯값이,개깝씨
갯값만,개깜만
약값,약깝
약값이,약깝씨
약값만,약깜만
반값,반갑
반값이,반갑씨
반값만,반감만
제값,제갑
제값이,제갑씨
제값만,제감만
술값,술깝
술값이,술깝씨
술값만,술깜만
품값,품깝
품값이,품깝씨
품값만,품깜만
소릿값,소리깝
소릿값이,소리깝씨
소릿값만,소리깜만
나잇값,나읻깝
나잇값이,나이깝씨
나잇값만,나이깜만
빚값,빋깝
빚값이,빋깝씨
빚값만,빋깜만
담뱃값,담배깝
담뱃값이,담배깝씨
담뱃값만,담배깜만
값없다,가법따
값없어,가법써
값없으니,가법쓰니
값없고,가법꼬
값없는,가범는
값없지,가법찌
돈값,돈깝
돈값이,돈깝씨
돈값만,돈깜만
절댓값,절땓깝
절댓값이,절때깝씨
절댓값만,절때깜만
말값,말깝
말값이,말깝씨
말값만,말깜만
탄값,탄깝
탄값이,탄깝씨
탄값만,탄깜만
산값,산깝
산값이,산깝씨
산값만,산깜만
참값,참깝
참값이,참깝씨
참값만,참깜만
낱값,낟깝
낱값이,낟깝씨
낱값만,낟깜만
본값,본갑
본값이,본갑씨
본값만,본감만
셈값,셈깝
셈값이,셈깝씨
셈값만,셈깜만
절값,절깝
절값이,절깝씨
절값만,절깜만
동값,동깝
동값이,동깝씨
동값만,동깜만
꽃값,꼳깝
꽃값이,꼳깝씨
꽃값만,꼳깜만
민값,민갑
민값이,민갑씨
민값만,민감만
낫값,나깝
낫값이,나깝씨
낫값만,나깜만
숫값,숟깝
숫값이,수깝씨
숫값만,수깜만
중값,중깝
중값이,중깝씨
중값만,중깜만
빈값,빈갑
빈값이,빈갑씨
빈값만,빈감만
물값,물깝
물값이,물깝씨
물값만,물깜만
똥값,똥깝
똥값이,똥깝씨
똥값만,똥깜만
옷값,옫깝
옷값이,옫깝씨
옷값만,옫깜만
없다,업따
없어,업써
없으니,업쓰니
없고,업꼬
없는,엄는
없지,업찌
맛없다,마덥따
맛없어,마덥써
맛없으니,마덥쓰니
맛없고,마덥꼬
맛없는,마덤는
맛없지,마덥찌
재미없다,재미업따
재미없어,재미업써
재미없으니,재미업쓰니
재미없고,재미업꼬
재미없는,재미엄는
재미없지,재미업찌
틀림없다,틀리멉따
틀림없어,틀리멉써
틀림없으니,틀리멉쓰니
틀림없고,틀리멉꼬
틀림없는,틀리멈는
틀림없지,틀리멉찌
소용없다,소용업따
소용없어,소용업써
소용없으니,소용업쓰니
소용없고,소용업꼬
소용없는,소용엄는
소용없지,소용업찌
상관없다,상과넙따
상관없어,상과넙써
상관없으니,상과넙쓰니
상관없고,상과넙꼬
상관없는,상과넘는
상관없지,상과넙찌
쓸데없다,쓸떼업따
쓸데없어,쓸떼업써
쓸데없으니,쓸떼업쓰니
쓸데없고,쓸떼업꼬
쓸데없는,쓸떼엄는
쓸데없지,쓸떼업찌
끝없다,끄덥따
끝없어,끄덥써
끝없으니,끄덥쓰니
끝없고,끄덥꼬
끝없는,끄덤는
끝없지,끄덥찌
끊임없다,끄니멉따
다름없다,다르멉따
다름없어,다르멉써
다름없으니,다르멉쓰니
다름없고,다르멉꼬
다름없는,다르멈는
다름없지,다르멉찌
덧없다,더덥따
덧없어,더덥써
덧없으니,더덥쓰니
덧없고,더덥꼬
덧없는,더덤는
덧없지,더덥찌
실없다,시럽따
실없어,시럽써
실없으니,시럽쓰니
실없고,시럽꼬
실없는,시럼는
실없지,시럽찌
어이없다,어이업따
어이없어,어이업써
어이없으니,어이업쓰니
어이없고,어이업꼬
어이없는,어이엄는
어이없지,어이업찌
열없다,여럽따
열없어,여럽써
열없으니,여럽쓰니
열없고,여럽꼬
열없는,여럼는
열없지,여럽찌
지망없다,지망업따
지망없어,지망업써
지망없으니,지망업쓰니
지망없고,지망업꼬
지망없는,지망엄는
지망없지,지망업찌
부질없다,부지럽따
부질없어,부지럽써
부질없으니,부지럽쓰니
부질없고,부지럽꼬
부질없는,부지럼는
부질없지,부지럽찌
하릴없다,하리럽따
하릴없어,하리럽써
하릴없으니,하리럽쓰니
하릴없고,하리럽꼬
하릴없는,하리럼는
하릴없지,하리럽찌
속절없다,속쩌럽따
속절없어,속쩌럽써
속절없으니,속쩌럽쓰니
속절없고,속쩌럽꼬
속절없는,속쩌럼는
속절없지,속쩌럽찌
뜬금없다,뜬그멉따
뜬금없어,뜬그멉써
뜬금없으니,뜬그멉쓰니
뜬금없고,뜬그멉꼬
뜬금없는,뜬그멈는
뜬금없지,뜬그멉찌
보잘것없다,보잘꺼덥따
보잘것없어,보잘꺼덥써
보잘것없으니,보잘꺼덥쓰니
보잘것없고,보잘꺼덥꼬
보잘것없는,보잘꺼덤는
보잘것없지,보잘꺼덥찌
정신없다,정시넙따
정신없어,정시넙써
정신없으니,정시넙쓰니
정신없고,정시넙꼬
정신없는,정시넘는
정신없지,정시넙찌
염치없다,염치업따
염치없어,염치업써
염치없으니,염치업쓰니
염치없고,염치업꼬
염치없는,염치엄는
염치없지,염치업찌
가없다,가업따
가없어,가업써
가없으니,가업쓰니
가없고,가업꼬
가없는,가엄는
가없지,가업찌
철없다,처럽따
철없어,처럽써
철없으니,처럽쓰니
철없고,처럽꼬
철없는,처럼는
철없지,처럽찌
그지없다,그지업따
그지없어,그지업써
그지없으니,그지업쓰니
그지없고,그지업꼬
그지없는,그지엄는
그지없지,그지업찌
빈틈없다,빈트멉따
빈틈없어,빈트멉써
빈틈없으니,빈트멉쓰니
빈틈없고,빈트멉꼬
빈틈없는,빈트멈는
빈틈없지,빈트멉찌
물색없다,물쌔겁따
물색없어,물쌔겁써
물색없으니,물쌔겁쓰니
물색없고,물쌔겁꼬
물색없는,물쌔검는
물색없지,물쌔겁찌
어처구니없다,어처구니업따
어처구니없어,어처구니업써
어처구니없으니,어처구니업쓰니
어처구니없고,어처구니업꼬
어처구니없는,어처구니엄는
어처구니없지,어처구니업찌
영락없다,영나겁따
영락없어,영나겁써
영락없으니,영나겁쓰니
영락없고,영나겁꼬
영락없는,영나검는
영락없지,영나겁찌
진배없다,진배업따
진배없어,진배업써
진배없으니,진배업쓰니
진배없고,진배업꼬
진배없는,진배엄는
진배없지,진배업찌
쓸모없다,쓸모업따
쓸모없어,쓸모업써
쓸모없으니,쓸모업쓰니
쓸모없고,쓸모업꼬
쓸모없는,쓸모엄는
쓸모없지,쓸모업찌
터무니없다,터무니업따
터무니없어,터무니업써
터무니없으니,터무니업쓰니
터무니없고,터무니업꼬
터무니없는,터무니엄는
터무니없지,터무니업찌
일없다,이럽따
일없어,이럽써
일없으니,이럽쓰니
일없고,이럽꼬
일없는,이럼는
일없지,이럽찌
턱없다,터겁따
턱없어,터겁써
턱없으니,터겁쓰니
턱없고,터겁꼬
턱없는,터검는
턱없지,터겁찌
속없다,소겁따
속없어,소겁써
속없으니,소겁쓰니
속없고,소겁꼬
속없는,소검는
속없지,소겁찌
자발없다,자바럽따
자발없어,자바럽써
자발없으니,자바럽쓰니
자발없고,자바럽꼬
자발없는,자바럼는
자발없지,자바럽찌
더없다,더업따
관계없다,관게업따
관계없어,관계업써
관계없으니,관계업쓰니
관계없지,관계업찌
관계없는,관계엄는
관계없고,관계업꼬
형편없다,형펴넙따
형편없어,형펴넙써
형편없으니,형펴넙쓰니
형편없고,형펴넙꼬
형편없는,형펴넘는
형편없지,형펴넙찌
하염없다,하여멉따
하염없어,하여멉써
하염없으니,하여멉쓰니
하염없고,하여멉꼬
하염없는,하여멈는
하염없지,하여멉찌
두서없어,두서업써
두서없으니,두서업쓰니
두서없고,두서업꼬
두서없는,두서엄는
두서없지,두서업찌
값없다,가법따
값없어,가법써
값없으니,가법쓰니
값없고,가법꼬
값없는,가범는
값없지,가법찌
볼품없다,볼푸멉따
볼품없어,볼푸멉써
볼품없으니,볼푸멉쓰니
볼품없고,볼푸멉꼬
볼품없는,볼푸멈는
볼품없지,볼푸멉찌
버릇없다,버르덥따
버릇없어,버르덥써
버릇없으니,버르덥쓰니
버릇없고,버르덥꼬
버릇없는,버르덤는
버릇없지,버르덥찌
채신없다,채시넙따
채신없어,채시넙써
채신없으니,채시넙쓰니
채신없고,채시넙꼬
채신없는,채시넘는
채신없지,채시넙찌
거침없다,거치멉따
거침없어,거치멉써
거침없으니,거치멉쓰니
거침없고,거치멉꼬
거침없는,거치멈는
거침없지,거치멉찌
힘없다,히멉따
힘없어,히멉써
힘없으니,히멉쓰니
힘없고,히멉꼬
힘없는,히멈는
힘없지,히멉찌
얼없다,어럽따
얼없어,어럽써
얼없으니,어럽쓰니
얼없고,어럽꼬
얼없는,어럼는
얼없지,어럽찌
어림없다,어리멉따
어림없어,어리멉써
어림없으니,어리멉쓰니
어림없고,어리멉꼬
어림없는,어리멈는
어림없지,어리멉찌
멋없다,머덥따
멋없어,머덥써
멋없으니,머덥쓰니
멋없고,머덥꼬
멋없는,머덤는
멋없지,머덥찌
맥없다,매겁따
맥없어,매겁써
맥없으니,매겁쓰니
맥없고,매겁꼬
맥없는,매검는
맥없지,매겁찌
한없다,하넙따
수없다,수업따
시름없다,시르멉따
시름없어,시르멉써
시름없으니,시르멉쓰니
시름없고,시르멉꼬
시름없는,시르멈는
시름없지,시르멉찌
대중없다,대중업따
대중없어,대중업써
대중없으니,대중업쓰니
대중없고,대중업꼬
대중없는,대중엄는
대중없지,대중업찌
유례없다,유례업따
유례없어,유례업써
유례없으니,유례업쓰니
유례없고,유례업꼬
유례없는,유례엄는
유례없지,유례업찌
밟다,밥따
밟아,발바
밟으니,발브니
밟고,밥꼬
밟는,밤는
밟지,밥찌
지르밟다,지르밥따
지르밟아,지르발바
지르밟으니,지르발브니
지르밟고,지르밥꼬
지르밟는,지르밤는
지르밟지,지르밥찌
짓밟다,짇빱따
짓밟아,짇빨바
짓밟으니,짇빨브니
짓밟고,짇빱꼬
짓밟는,짇빰는
짓밟지,짇빱찌
되밟다,되밥따
되밟아,되발바
되밟으니,되발브니
되밟고,되밥꼬
되밟는,되밤는
되밟지,되밥찌
내밟다,내밥따
내밟아,내발바
내밟으니,내발브니
내밟고,내밥꼬
내밟는,내밤는
내밟지,내밥찌
뒤밟다,뒤밥따
뒤밟아,뒤발바
뒤밟으니,뒤발브니
뒤밟고,뒤밥꼬
뒤밟는,뒤밤는
뒤밟지,뒤밥찌
내리밟다,내리밥따
내리밟아,내리발바
내리밟으니,내리발브니
내리밟고,내리밥꼬
내리밟는,내리밤는
내리밟지,내리밥찌
도드밟다,도드밥따
도드밟아,도드발바
도드밟으니,도드발브니
도드밟고,도드밥꼬
도드밟는,도드밤는
도드밟지,도드밥찌
잔다리밟다,잔다리밥따
잔다리밟아,잔다리발바
잔다리밟으니,잔다리발브니
잔다리밟고,잔다리발꼬
잔다리밟는,잔다리밤는
잔다리밟지,잔다리밥찌
밟다,밥따
밟아,발바
밟으니,발브니
밟고,밥꼬
밟는,밤는
밟지,밥찌
밟다,밥따
밟아,발바
밟으니,발브니
밟고,밥꼬
밟는,밤는
밟지,밥찌
밟다,밥따
밟아,발바
밟으니,발브니
밟고,밥꼬
밟는,밤는
밟지,밥찌
밟다,밥따
밟아,발바
밟으니,발브니
밟고,밥꼬
밟는,밤는
밟지,밥찌
밟다,밥따
밟아,발바
밟으니,발브니
밟고,밥꼬
밟는,밤는
밟지,밥찌
넓죽하다,넙쭈카다
넓죽하니,넙쭈카니
넓둥글다,넙뚱글다
넓둥글어,넙뚱그러
넓둥그니,넙뚱그니
넓둥그오,넙뚱그오
닭,닥
닭이,달기
닭만,당만
닭고기,닥꼬기
늦닭,늗딱
늦닭이,늗딸기
늦닭만,늗땅만
상닭,상딱
상닭이,상딸기
상닭만,상땅만
알닭,알닥
알닭이,알달기
알닭만,알당만
팥닭,팓딱
팥닭이,팓딸기
팥닭만,팓땅만
양닭,양딱
양닭이,양딸기
양닭만,양땅만
저녁닭,저녁딱
저녁닭이,저녁딸기
저녁닭만,저녁땅만
닭살,닥쌀
쌈닭,쌈딱
쌈닭이,쌈딸기
쌈닭만,쌈땅만
닭점,닥쩜
산닭,산딱
산닭이,산딸기
산닭만,산땅만
닭유,당뉴
통닭,통닥
통닭이,통달기
통닭만,통당만
구수닭,구수닥
구수닭이,구수달기
구수닭만,구수당만
촌닭,촌딱
촌닭이,촌딸기
촌닭만,촌땅만
닭똥,닥똥
닭의비짜루,달긔비짜루
뿔닭,뿔닥
뿔닭이,뿔달기
뿔닭만,뿔당만
옻닭,옫딱
옻닭이,옫딸기
옻닭만,옫땅만
중닭,중딱
중닭이,중딸기
중닭만,중땅만
닭장,닥짱
닭띠,닥띠
닭발,닥빨
닭죽,닥쭉
닭죽만,닥쭝만
당닭,당딱
당닭이,당딸기
당닭만,당땅만
종자닭,종자닥
종자닭이,종자달기
종자닭만,종자당만
닭쌈,닥쌈
닭의난초,달긔난초
생닭,생닥
생닭이,생달기
생닭만,생당만
댓닭,대딱
댓닭이,대딸기
댓닭만,대땅만
집닭,집딱
집닭이,집딸기
집닭만,집땅만
닭날,당날
씨닭,씨닥
씨닭이,씨달기
씨닭만,씨당만
닭목,당목
닭목만,당몽만
물닭,물딱
물닭이,물딸기
물닭만,물땅만
햇닭,핻딱
햇닭이,핻딸기
햇닭만,핻땅만
닭니,당니
닭찜,닥찜
닭해,다캐
닭국,닥꾹
닭국만,닥꿍만
닭적,닥쩍
닭적만,닥쩡만
멧닭,멛딱
멧닭이,메딸기
멧닭만,메땅만
닭곰,닥꼼
닭게,닥께
꿩닭,꿩닥
꿩닭이,꿩달기
꿩닭만,꿩당만
첫닭,첟딱
첫닭이,첟딸기
첫닭만,첟땅만
낮닭,낟딱
낮닭이,낟딸기
낮닭만,낟땅만
닭갈비,닥깔비
닭싸움,닥싸움
싸움닭,싸움딱
싸움닭이,싸움딸기
싸움닭만,싸움땅만
닭백숙,닥빽쑥
닭백숙만,닥빽쑹만
닭튀김,닥튀김
닭벼룩,닥뼈룩
닭벼룩만,닥뼈룽만
지네닭,지네닥
지네닭이,지네달기
지네닭만,지네당만
닭다리,닥따리
흙,흑
흙이,흘기
흙만,흥만
흙,흑
흙이,흘기
흙만,흥만
흙,흑
흙이,흘기
흙만,흥만
돌흙,돌흑
돌흙만,돌흥만
딴흙,딴흑
딴흙이,딴흘기
딴흙만,딴흥만
흙신,흑씬
흙체,흑체
살흙,살흑
살흙이,살흘기
살흙만,살흥만
흙문,흥문
구운흙,구운흑
구운흙이,구운흘기
구운흙만,구운흥만
흙다리,흑따리
흙부처,흑뿌처
화산흙,화산흑
화산흙이,화산흘기
화산흙만,화산흥만
자갈흙,자갈흑
자갈흙이,자갈흘기
자갈흙만,자갈흥만
논흙,논흑
논흙이,논흘기
논흙만,논흥만
명개흙,명개흑
명개흙이,명개흘기
명개흙만,명개흥만
흙북,흑뿍
흙북만,흑뿡만
흙무덤,흥무덤
흙공예,흑꽁예
몸흙,몸흑
몸흙이,몸흘기
몸흙만,몸흥만
금흙,금흑
금흙이,금흘기
금흙만,금흥만
흙주접,흑쭈접
흙주접만,흑쭈점만
앙금흙,앙금흑
앙금흙이,앙금흘기
앙금흙만,앙금흥만
흙풍로,흑풍노
바다흙,바다흑
바다흙이,바다흘기
바다흙만,바다흥만
흙감태기,흑깜태기
흙발,흑빨
흙김,흑낌
진흙,진흑
진흙이,진흘기
진흙만,진흥만
흙섬돌,흑썸똘
흙비,흑삐
흙토,흑토
기름흙,기름흑
기름흙이,기름흘기
기름흙만,기름흥만
흙격지,흑껵찌
흙무지,흥무지
흙빛,흑삗
흙빛이,흑삐치
흙빛만,흑삔만
흙구름,흑꾸름
흙도장,흑또장
흙장난하다,흑짱난하다
흙장난하니,흑짱난하니
흙받기,흑빧끼
색흙,새큭
색흙이,새클기
색흙만,새킁만
건흙,건흑
건흙이,건흘기
건흙만,건흥만
흙둑,흑뚝
흙둑만,흑뚱만
복흙,보큭
복흙이,보클기
복흙만,보킁만
찰흙,찰흑
찰흙이,찰흘기
찰흙만,찰흥만
흙고물,흑꼬물
흙내,흥내
흙손,흑쏜
질흙,질흑
질흙이,질흘기
질흙만,질흥만
흙깔기,흑깔기
흙갈퀴,흑깔퀴
흙기둥,흑끼둥
흙산,흑싼
풀흙,풀흑
풀흙이,풀흘기
풀흙만,풀흥만
흙색,흑쌕
흙색만,흑쌩만
흙일,흥닐
맑다,막따
맑아,말가
맑으니,말그니
맑고,말꼬
맑지,막찌
해맑다,해막따
해맑아,해말가
해맑으니,해말그니
해맑고,해말꼬
해맑지,해막찌
희맑다,히막따
희맑아,히말가
희맑으니,히말그니
희맑고,히말꼬
희맑지,히막찌
새맑다,새막따
새맑아,새말가
새맑으니,새말그니
새맑고,새말꼬
새맑지,새막찌
드맑다,드막따
드맑아,드말가
드맑으니,드말그니
드맑고,드말꼬
드맑지,드막찌
갓맑다,간막따
갓맑아,간말가
갓맑으니,간말그니
갓맑고,간말꼬
갓맑지,간막찌
삶,삼
삶이,살미
삶만,삼만
헛삶이,헏쌀미
참삶,참삼
참삶이,참살미
참삶만,참삼만
삶터,삼터
삶기다,삼기다
삶기니,삼기니
삶이하니,살미하니
삶터,삼터
젊다,점따
젊어,절머
젊으니,절므니
젊고,점꼬
젊지,점찌
배젊다,배점따
배젊어,배절머
배젊으니,배절므니
배젊고,배점꼬
배젊지,배점찌
애젊다,애점따
애젊어,애절머
애젊으니,애절므니
애젊고,애점꼬
애젊지,애점찌
잗젊다,잗쩜따
잗젊어,잗쩔머
잗젊으니,잗쩔므니
잗젊고,잗쩜꼬
잗젊지,잗쩜찌
젊디젊다,점띠점따
젊디젊어,점띠절머
젊디젊으니,점띠절므니
젊디젊고,점띠점꼬
젊디젊지,점띠점찌
읊다,읍따
읊어,을퍼
읊으니,을프니
읊고,읍꼬
읊는,음는
읊지,읍찌
읊다,읍따
읊어,을퍼
읊으니,을프니
읊고,읍꼬
읊는,음는
읊지,읍찌
되읊다,뒈읍따
되읊어,되을퍼
되읊으니,되을프니
되읊고,되읍꼬
되읊는,되음는
되읊지,되읍찌
맑다,막따
맑아,말가
맑으니,말그니
맑고,말꼬
맑지,막찌
묽다,묵따
묽어,물거
묽으니,물그니
묽고,물꼬
묽지,묵찌
읽다,익따
읽어,일거
읽으니,일그니
읽고,일꼬
읽는,잉는
읽지,익찌
놓다,노타
놓으니,노으니
놓는,논는
놓소,노쏘
놓고치기,노코치기
대놓고,대노코
들떼놓고,들떼노코
좋다,조타
좋아,조아
좋으니,조으니
좋소,조쏘
좋다,조타
좋아,조아
좋으니,조으니
좋소,조쏘
쌓다,싸타
쌓아,싸아
쌓으니,싸으니
쌓는,싼는
쌓소,싸쏘
많다,만타
많아,마나
많으니,마느니
많소,만쏘
않다,안타
않아,아나
않으니,아느니
않는,안는
않소,안쏘
닳다,달타
닳아,다라
닳으니,다르니
닳는,달른
닳소,달쏘
각하,가카
각하,가카
각하,가카
각하,가카
각하,가카
각하하다,가카하다
각하하니,가카하니
의발각하,의발가카
각하성,가카성
각하되다,가카되다
각하되니,가카되니
거각하다,거가카다
거각하니,거가카니
다각하다,다가카다
다각하니,다가카니
삐걱빼각하다,삐걱빼가카다
삐걱빼각하니,삐걱빼가카니
음양각하다,으먕가카다
음양각하니,으먕가카니
제각하다,제가카다
제각하니,제가카니
거각하다,거가카다
거각하니,거가카니
각하다,가카다
각하니,가카니
각하다,가카다
각하니,가카니
뇌각하다,눼가카다
뇌각하니,뇌가카니
제각하다,제가카다
제각하니,제가카니
거각하다,거가카다
거각하니,거가카니
요각하다,요가카다
요각하니,요가카니
석각하다,석까카다
석각하니,석까카니
모각하다,모가카다
모각하니,모가카니
제각하다,제가카다
제각하니,제가카니
잘각하다,잘가카다
잘각하니,잘가카니
때각하다,때가카다
때각하니,때가카니
예각하다,예가카다
예각하니,예가카니
속지고각하다,속찌고가카다
속지고각하니,속찌고가카니
황연대각하다,황연대가카다
황연대각하니,황연대가카니
각하층,가카층
각하중,가카중
재매각하다,재매가카다
재매각하니,재매가카니
재부각하다,재부가카다
재부각하니,재부가카니
먹히다,머키다
먹히니,머키니
되먹히다,되머키다
되먹히니,되머키니
좀먹히다,좀머키다
좀먹히니,좀머키니
잡아먹히다,자바머키다
잡아먹히니,자바머키니
써먹히다,써머키다
써먹히니,써머키니
공먹히다,공머키다
공먹히니,공머키니
밟히다,발피다
밟히니,발피니
뒤밟히다,뒤발피다
뒤밟히니,뒤발피니
맏형,마텽
맏형님,마텽님
좁히다,조피다
좁히니,조피니
넓히다,널피다
넓히니,널피니
앉히다,안치다
앉히니,안치니
들여앉히다,드려안치다
들여앉히니,드려안치니
둘러앉히다,둘러안치다
둘러앉히니,둘러안치니
늘어앉히다,느러안치다
늘어앉히니,느러안치니
들어앉히다,드러안치다
들어앉히니,드러안치니
다가앉히다,다가안치다
다가앉히니,다가안치니
옷,옫
옷만,온만
속옷,소곧
속옷만,소곤만
잠옷,자몯
잠옷만,자몬만
옷차림,옫차림
옷보,옫뽀
망옷,망옫
망옷만,망온만
물옷,무롣
물옷만,무론만
눈옷,누녿
눈옷만,누논만
옷보,옫뽀
색옷,새곧
색옷만,새곤만
버들옷,버드롣
버들옷만,버드론만
옷상자,옫쌍자
구름옷,구르몯
구름옷만,구르몬만
옷깃,옫낃
옷깃만,옫낀만
신옷,시녿
신옷만,시논만
광목옷,광모곧
광목옷만,광모곤만
차림옷,차리몯
차림옷만,차리몬만
옷타박,옫타박
옷타박만,옫타방만
사발옷,사바롣
사발옷만,사바론만
전옷,저녿
전옷만,저논만
막옷,마곧
막옷만,마곤만
윗옷,위돋
윗옷만,위돈만
웃옷,우돋
웃옷만,우돈만
옷사치,옫싸치
달걀옷,달갸롣
달걀옷만,달갸론만
목욕옷,모교곧
목욕옷만,모교곤만
관례옷,괄례옫
관례옷만,괄례온만
겉옷,거돋
겉옷만,거돈만
안옷,아녿
안옷만,아논만
갑옷,가볻
갑옷만,가본만
기름옷,기르몯
기름옷만,기르몬만
꼬까옷,꼬까옫
꼬까옷만,꼬까온만
사기옷,사기옫
사기옷만,사기온만
바깥옷,바까돋
바깥옷만,바까돈만
홑옷,호돋
홑옷만,호돈만
옷의,오디
먹옷,머곧
먹옷만,머곤만
옷감,옫깜
옷장,옫짱
옷섶,옫썹
옷섶이,옫써피
옷섶만,옫썸만
놀이옷,노리옫
놀이옷만,노리온만
옷줄임,옫쭈림
위장옷,위장옫
위장옷만,위장온만
등산옷,등사녿
등산옷만,등사논만
박이옷,바기옫
박이옷만,바기온만
옷주제,옫쭈제
덧옷,더돋
덧옷만,더돈만
옷타박하다,옫타바카다
옷타박하니,옫타바카니
들옷,드롣
들옷만,드론만
동옷,동옫
동옷만,동온만
옷끈,옫끈
핫옷,하돋
핫옷만,하돈만
옷장,옫짱
옷단,옫딴
비옷,비옫
비옷만,비온만
낮,낟
낮이,나지
낮만,난만
밤낮,밤낟
밤낮이,밤나지
밤낮만,밤난만
낮추다,낟추다
낮추니,낟추니
한낮,한낟
한낮이,한나지
한낮만,한난만
대낮,대낟
대낮이,대나지
대낮만,대난만
낮말,난말
긴긴낮,긴긴낟
긴긴낮이,긴긴나지
긴긴낮만,긴긴난만
낮놀이,난노리
낮잠,낟짬
낮북,낟뿍
낮북만,낟뿡만
낮일하다,난닐하다
낮일하니,난닐하니
낮더위,낟떠위
낮수라,낟쑤라
낮달,낟딸
낮고동,낟꼬동
낮잡다,낟짭따
낮잡아,낟짜바
낮잡으니,낟짜브니
낮잡는,낟짬는
낮술,낟쑬
낮방송,낟빵송
낮일,난닐
낮참,낟참
낮전,낟쩐
높낮이,놈나지
낮차,낟차
낮때,낟때
낮후,나투
낮번,낟뻔
낮볕,낟뼏
낮볕이,낟뼈치
낮볕을,낟뼈틀
낮볕만,낟뼌만
낮곁,낟껻
낮곁이,낟껴치
낮곁을,낟껴틀
낮곁만,낟껸만
낮닭,낟딱
낮닭이,낟딸기
낮닭만,낟땅만
낮영화,난녕화
낮거리,낟꺼리
하룻낮,하룬낟
하루낮만,하룬난만
낮물잡이,난물자비
낮대거리,낟때거리
낮도적,낟또적
낮도적만,낟또정만
낮도둑,낟또둑
낮도둑만,낟또둥만
낮작업,낟짜겁
낮작업만,낟짜검만
낮교대,낟꾜대
여름낮,여름낟
여름낮이,여름나지
여름낮만,여름난만
새끼낮,새끼낟
새끼낮이,새끼나지
새끼낮만,새끼난만
낮보다,낟뽀다
낮보니,낟뽀니
낮도깨비,낟또깨비
낮곁수라,낟껻쑤라
낮각다귀,낟깍따귀
낮교대하다,낟꾜대하다
낮교대하니,낟꾜대하니
낮거리하다,낟꺼리하다
낮거리하니,낟꺼리하니
낮놀이하다,난노리하다
낮놀이하니,난노리하니
낮대거리하다,낟때거리하다
낮대거리하니,낟때거리하니
낮보이다,낟뽀이다
낮보이니,낟뽀이니
낮새,낟쌔
밤일낮장,바밀낟짱
꽃,꼳
꽃이,꼬치
꽃만,꼰만
꽃,꼳
꽃이,꼬치
꽃만,꼰만
꽃,꼳
꽃이,꼬치
꽃만,꼰만
불꽃,불꼳
불꽃이,불꼬치
불꽃만,불꼰만
꽃잎,꼰닙
꽃잎이,꼰니피
꽃잎만,꼰님만
꽃씨,꼳씨
꽃반,꼳빤
꽃말,꼰말
철꽃,철꼳
철꽃이,철꼬치
철꽃만,철꼰만
벚꽃,벋꼳
벚꽃이,벋꼬치
벚꽃만,벋꼰만
꽃괘,꼳꽤
대롱꽃,대롱꼳
대롱꽃이,대롱꼬치
대롱꽃만,대롱꼰만
매미꽃,매미꼳
매미꽃이,매미꼬치
매미꽃만,매미꼰만
연꽃,연꼳
연꽃이,연꼬치
연꽃만,연꼰만
삼꽃,삼꼳
삼꽃이,삼꼬치
삼꽃만,삼꼰만
꽃모습,꼰모습
꽃모습만,꼰모슴만
꽃벼룩,꼳뼈룩
꽃벼룩만,꼳뼈룽만
꽃전등,꼳쩐등
두메탑꽃,두메탑꼳
두메탑꽃이,두메탑꼬치
두메탑꽃만,두메탑꼰만
왜개연꽃,왜개연꼳
왜개연꽃이,왜개연꼬치
왜개연꽃만,왜개연꼰만
꽃주머니,꼳쭈머니
큰개별꽃,큰개별꼳
큰개별꽃이,큰개별꼬치
큰개별꽃만,큰개별꼰만
꽃실,꼳씰
꽃맺이,꼰매지
산호꽃,산호꼳
산호꽃이,산호꼬치
산호꽃만,산호꼰만
꽃개오동,꼳깨오동
종다리꽃,종다리꼳
종다리꽃이,종다리꼬치
종다리꽃만,종다리꼰만
왜오랑캐꽃,왜오랑캐꼳
왜오랑캐꽃이,왜오랑캐꼬치
왜오랑캐꽃만,왜오랑캐꼰만
누운딱지꽃,누운딱찌꼳
누운딱지꽃이,누운딱찌꼬치
누운딱지꽃만,누운딱찌꼰만
함소꽃,함소꼳
함소꽃이,함소꼬치
함소꽃만,함소꼰만
꽃모종하다,꼰모종하다
꽃모종하니,꼰모종하니
꽃밭,꼳빧
꽃밭이,꼳빠치
꽃밭을,꼳빠틀
꽃밭만,꼳빤만
적꽃,적꼳
적꽃이,적꼬치
적꽃만,적꼰만
꽃황,꼬퇑
꽃게,꼳께
십자꽃,십짜꼳
십자꽃이,십짜꼬치
십자꽃만,십짜꼰만
꽃바지,꼳빠지
꽃가위,꼳까위
긴꽃고사리삼,긴꼳꼬사리삼
보릿짚꽃,보릳찝꼳
보릿짚꽃이,보리찝꼬치
보릿짚꽃만,보리찝꼰만
꽃미투리,꼰미투리
민백미꽃,민뱅미꼳
민백미꽃이,민뱅미꼬치
민백미꽃만,민뱅미꼰만
물양지꽃,물량지꼳
물양지꽃이,물량지꼬치
물양지꽃만,물량지꼰만
다섯잎꽃,다선닙꼳
다섯잎꽃이,다선닙꼬치
다섯잎꽃만,다선닙꼰만
덩굴개별꽃,덩굴개별꼳
덩굴개별꽃이,덩굴개별꼬치
덩굴개별꽃만,덩굴개별꼰만
눈꽃,눈꼳
눈꽃이,눈꼬치
눈꽃만,눈꼰만
참꽃,참꼳
참꽃이,참꼬치
참꽃만,참꼰만
따꽃,따꼳
따꽃이,따꼬치
따꽃만,따꼰만
꽃굴,꼳꿀
등꽃,등꼳
등꽃이,등꼬치
등꽃만,등꼰만
동백꽃,동백꼳
동백꽃이,동백꼬치
동백꽃만,동백꼰만
봄꽃,봄꼳
봄꽃이,봄꼬치
봄꽃만,봄꼰만
검은꽃낭아초,거믄꼰낭아초
덩굴민백미꽃,덩굴민뱅미꼳
덩굴민백미꽃이,덩굴민뱅미꼬치
덩굴민백미꽃만,덩굴민뱅미꼰만
알꽃벼룩,알꼳뼈룩
알꽃벼룩만,알꼳뼈룽만
수꽃이삭,수꼰니삭
수꽃이삭만,수꼰니상만
숱하다,수타다
숱하니,수타니
숱하디숱하다,수타디수타다
숱하디숱하니,수타디수타니
닿다,다타
닿아,다아
닿으니,다으니
닿는,단는
닿소,다쏘
많다,만타
많아,마나
많으니,마느니
많소,만쏘
싫다,실타
싫어,시러
싫으니,시르니
싫소,실쏘
놓다,노타
놓으니,노으니
놓는,논는
놓소,노쏘
놓는꼴,논는꼴
쌓다,싸타
쌓아,싸아
쌓으니,싸으니
쌓는,싼는
쌓소,싸쏘
않다,안타
않아,아나
않으니,아느니
않는,안는
않소,안쏘
않다,안타
않아,아나
않으니,아느니
않는,안는
않소,안쏘
뚫다,뚤타
뚫어,뚜러
뚫으니,뚜르니
뚫는,뚤른
뚫소,뚤쏘
뚫다,뚤타
뚫어,뚜러
뚫으니,뚜르니
뚫는,뚤른
뚫소,뚤쏘
낳다,나타
낳아,나아
낳으니,나으니
낳는,난는
낳다,나타
낳아,나아
낳으니,나으니
낳는,난는
놓다,노타
놓으니,노으니
놓는,논는
놓소,노쏘
놓아두다,노아두다
놓아두니,노아두니
놓아먹다,노아먹따
놓아먹어,노아머거
놓아먹으니,노아머그니
놓아먹는,노아멍는
놓아주다,노아주다
놓아주니,노아주니
놓아기르다,노아기르다
놓아길러,노아길러
놓아기르니,노아기르니
놓아가다,노아가다
놓아가,노아가
놓아가니,노아가니
놓아먹이다,노아머기다
놓아먹이니,노아머기니
쌓이다,싸이다
쌓이니,싸이니
드러쌓이다,드러싸이다
드러쌓이니,드러싸이니
답쌓이다,답싸이다
답쌓이니,답싸이니
내리쌓이다,내리싸이다
내리쌓이니,내리싸이니
겹쌓이니,겹싸이니
많다,만타
많아,마나
많으니,마느니
많소,만쏘
많아지다,마나지다
많아지니,마나지니
않다,안타
않아,아나
않으니,아느니
않는,안는
않소,안쏘
닳다,달타
닳아,다라
닳으니,다르니
닳는,달른
닳소,달쏘
닳아먹다,다라먹따
닳아먹어,다라머거
닳아먹으니,다라머그니
닳아먹는,다라멍는
닳아나다,다라나다
닳아나,다라나
닳아나니,다라나니
닳아빠지다,다라빠지다
닳아빠지니,다라빠지니
싫다,실타
싫어,시러
싫으니,시르니
싫소,실쏘
깎다,깍따
깎아,까까
깎으니,까끄니
깎는,깡는
깎아내리다,깎아
깎아내리니,까까내리니
깎아지르다,깎아
옷,옫
옷만,온만
속옷,소곧
속옷만,소곤만
잠옷,자몯
잠옷만,자몬만
옷차림,옫차림
옷보,옫뽀
망옷,망옫
망옷만,망온만
물옷,무롣
물옷만,무론만
눈옷,누녿
눈옷만,누논만
옷보,옫뽀
색옷,새곧
색옷만,새곤만
버들옷,버드롣
버들옷만,버드론만
옷상자,옫쌍자
구름옷,구르몯
구름옷만,구르몬만
옷깃,옫낃
옷깃만,옫낀만
신옷,시녿
신옷만,시논만
광목옷,광모곧
광목옷만,광모곤만
차림옷,차리몯
차림옷만,차리몬만
옷타박,옫타박
옷타박만,옫타방만
사발옷,사바롣
사발옷만,사바론만
전옷,저녿
전옷만,저논만
막옷,마곧
막옷만,마곤만
윗옷,위돋
윗옷만,위돈만
웃옷,우돋
웃옷만,우돈만
옷사치,옫싸치
달걀옷,달갸롣
달걀옷만,달갸론만
목욕옷,모교곧
목욕옷만,모교곤만
관례옷,괄례옫
관례옷만,괄례온만
겉옷,거돋
겉옷만,거돈만
안옷,아녿
안옷만,아논만
갑옷,가볻
갑옷만,가본만
기름옷,기르몯
기름옷만,기르몬만
꼬까옷,꼬까옫
꼬까옷만,꼬까온만
사기옷,사기옫
사기옷만,사기온만
바깥옷,바까돋
바깥옷만,바까돈만
홑옷,호돋
홑옷만,호돈만
옷의,오디
먹옷,머곧
먹옷만,머곤만
옷감,옫깜
옷장,옫짱
옷섶,옫썹
옷섶이,옫써피
옷섶만,옫썸만
놀이옷,노리옫
놀이옷만,노리온만
옷줄임,옫쭈림
위장옷,위장옫
위장옷만,위장온만
등산옷,등사녿
등산옷만,등사논만
박이옷,바기옫
박이옷만,바기온만
옷주제,옫쭈제
덧옷,더돋
덧옷만,더돈만
옷타박하다,옫타바카다
옷타박하니,옫타바카니
들옷,드롣
들옷만,드론만
동옷,동옫
동옷만,동온만
옷끈,옫끈
핫옷,하돋
핫옷만,하돈만
옷장,옫짱
옷단,옫딴
있다,읻따
있어,이써
있으니,이쓰니
있는,인는
낮,낟
낮이,나지
낮만,난만
밤낮,밤낟
밤낮이,밤나지
밤낮만,밤난만
낮추다,낟추다
낮추니,낟추니
한낮,한낟
한낮이,한나지
한낮만,한난만
대낮,대낟
대낮이,대나지
대낮만,대난만
낮말,난말
긴긴낮,긴긴낟
긴긴낮이,긴긴나지
긴긴낮만,긴긴난만
낮놀이,난노리
낮잠,낟짬
낮북,낟뿍
낮북만,낟뿡만
낮일하다,난닐하다
낮일하니,난닐하니
낮더위,낟떠위
낮수라,낟쑤라
낮달,낟딸
낮고동,낟꼬동
낮잡다,낟짭따
낮잡아,낟짜바
낮잡으니,낟짜브니
낮잡는,낟짬는
낮술,낟쑬
낮방송,낟빵송
낮일,난닐
낮참,낟참
낮전,낟쩐
높낮이,놈나지
낮차,낟차
낮때,낟때
낮후,나투
낮번,낟뻔
낮볕,낟뼏
낮볕이,낟뼈치
낮볕을,낟뼈틀
낮볕만,낟뼌만
낮곁,낟껻
낮곁이,낟껴치
낮곁을,낟껴틀
낮곁만,낟껸만
낮닭,낟딱
낮닭이,낟딸기
낮닭만,낟땅만
낮영화,난녕화
낮거리,낟꺼리
하룻낮,하룬낟
하루낮만,하룬난만
낮물잡이,난물자비
낮대거리,낟때거리
낮도적,낟또적
낮도적만,낟또정만
낮도둑,낟또둑
낮도둑만,낟또둥만
낮작업,낟짜겁
낮작업만,낟짜검만
낮교대,낟꾜대
여름낮,여름낟
여름낮이,여름나지
여름낮만,여름난만
새끼낮,새끼낟
새끼낮이,새끼나지
새끼낮만,새끼난만
낮보다,낟뽀다
낮보니,낟뽀니
낮도깨비,낟또깨비
낮곁수라,낟껻쑤라
낮각다귀,낟깍따귀
낮교대하다,낟꾜대하다
낮교대하니,낟꾜대하니
낮거리하다,낟꺼리하다
낮거리하니,낟꺼리하니
낮놀이하다,난노리하다
낮놀이하니,난노리하니
낮대거리하다,낟때거리하다
낮대거리하니,낟때거리하니
낮보이다,낟뽀이다
낮보이니,낟뽀이니
낮새,낟쌔
밤일낮장,바밀낟짱
꽂다,꼳따
꽂아,꼬자
꽂으니,꼬즈니
꽂는,꼰는
꽃,꼳
꽃이,꼬치
꽃만,꼰만
꽃,꼳
꽃이,꼬치
꽃만,꼰만
꽃,꼳
꽃이,꼬치
꽃만,꼰만
불꽃,불꼳
불꽃이,불꼬치
불꽃만,불꼰만
꽃잎,꼰닙
꽃잎이,꼰니피
꽃잎만,꼰님만
꽃씨,꼳씨
꽃반,꼳빤
꽃말,꼰말
철꽃,철꼳
철꽃이,철꼬치
철꽃만,철꼰만
벚꽃,벋꼳
벚꽃이,벋꼬치
벚꽃만,벋꼰만
꽃괘,꼳꽤
대롱꽃,대롱꼳
대롱꽃이,대롱꼬치
대롱꽃만,대롱꼰만
매미꽃,매미꼳
매미꽃이,매미꼬치
매미꽃만,매미꼰만
연꽃,연꼳
연꽃이,연꼬치
연꽃만,연꼰만
삼꽃,삼꼳
삼꽃이,삼꼬치
삼꽃만,삼꼰만
꽃모습,꼰모습
꽃모습만,꼰모슴만
꽃벼룩,꼳뼈룩
꽃벼룩만,꼳뼈룽만
꽃전등,꼳쩐등
두메탑꽃,두메탑꼳
두메탑꽃이,두메탑꼬치
두메탑꽃만,두메탑꼰만
왜개연꽃,왜개연꼳
왜개연꽃이,왜개연꼬치
왜개연꽃만,왜개연꼰만
꽃주머니,꼳쭈머니
큰개별꽃,큰개별꼳
큰개별꽃이,큰개별꼬치
큰개별꽃만,큰개별꼰만
꽃실,꼳씰
꽃맺이,꼰매지
산호꽃,산호꼳
산호꽃이,산호꼬치
산호꽃만,산호꼰만
꽃개오동,꼳깨오동
종다리꽃,종다리꼳
종다리꽃이,종다리꼬치
종다리꽃만,종다리꼰만
왜오랑캐꽃,왜오랑캐꼳
왜오랑캐꽃이,왜오랑캐꼬치
왜오랑캐꽃만,왜오랑캐꼰만
누운딱지꽃,누운딱찌꼳
누운딱지꽃이,누운딱찌꼬치
누운딱지꽃만,누운딱찌꼰만
함소꽃,함소꼳
함소꽃이,함소꼬치
함소꽃만,함소꼰만
꽃모종하다,꼰모종하다
꽃모종하니,꼰모종하니
꽃밭,꼳빧
꽃밭이,꼳빠치
꽃밭을,꼳빠틀
꽃밭만,꼳빤만
적꽃,적꼳
적꽃이,적꼬치
적꽃만,적꼰만
꽃황,꼬퇑
꽃게,꼳께
십자꽃,십짜꼳
십자꽃이,십짜꼬치
십자꽃만,십짜꼰만
꽃바지,꼳빠지
꽃가위,꼳까위
긴꽃고사리삼,긴꼳꼬사리삼
보릿짚꽃,보릳찝꼳
보릿짚꽃이,보리찝꼬치
보릿짚꽃만,보리찝꼰만
꽃미투리,꼰미투리
민백미꽃,민뱅미꼳
민백미꽃이,민뱅미꼬치
민백미꽃만,민뱅미꼰만
물양지꽃,물량지꼳
물양지꽃이,물량지꼬치
물양지꽃만,물량지꼰만
다섯잎꽃,다선닙꼳
다섯잎꽃이,다선닙꼬치
다섯잎꽃만,다선닙꼰만
덩굴개별꽃,덩굴개별꼳
덩굴개별꽃이,덩굴개별꼬치
덩굴개별꽃만,덩굴개별꼰만
눈꽃,눈꼳
눈꽃이,눈꼬치
눈꽃만,눈꼰만
참꽃,참꼳
참꽃이,참꼬치
참꽃만,참꼰만
따꽃,따꼳
따꽃이,따꼬치
따꽃만,따꼰만
꽃굴,꼳꿀
등꽃,등꼳
등꽃이,등꼬치
등꽃만,등꼰만
동백꽃,동백꼳
동백꽃이,동백꼬치
동백꽃만,동백꼰만
봄꽃,봄꼳
봄꽃이,봄꼬치
봄꽃만,봄꼰만
검은꽃낭아초,거믄꼰낭아초
덩굴민백미꽃,덩굴민뱅미꼳
덩굴민백미꽃이,덩굴민뱅미꼬치
덩굴민백미꽃만,덩굴민뱅미꼰만
알꽃벼룩,알꼳뼈룩
알꽃벼룩만,알꼳뼈룽만
수꽃이삭,수꼰니삭
수꽃이삭만,수꼰니상만
쫓다,쫃따
쫓아,쪼차
쫓으니,쪼츠니
쫓는,쫀는
쫓아내다,쪼차내다
쫓아내니,쪼차내니
쫓아가다,쪼차가다
쫓아가,쪼차가
쫓아가니,쪼차가니
쫓아오다,쪼차오다
쫓아와,쪼차와
쫓아오니,쪼차오니
쫓아다니다,쪼차다니다
쫓아다니니,쪼차다니니
밭,받
밭이,바치
밭을,바틀
밭만,반만
잔디밭,잔디받
잔디밭이,잔디바치
잔디밭을,잔디바틀
잔디밭만,잔디반만
말밭,말받
말밭이,말바치
말밭을,말바틀
말밭만,말반만
돗밭,도빧
돗밭이,도빠치
돗밭을,도빠틀
돗밭만,도빤만
풋밭,푿빧
풋밭이,푿빠치
풋밭을,푿빠틀
풋밭만,푿빤만
밭은목만,바튼몽만
모종밭,모종받
모종밭이,모종바치
모종밭을,모종바틀
모종밭만,모종반만
앞밭,압빧
앞밭이,압빠치
앞밭을,압빠틀
앞밭만,압빤만
버섯밭,버섣빧
버섯밭이,버섣빠치
버섯밭을,버섣빠틀
버섯밭만,버섣빤만
굿밭,굳빧
굿밭이,굳빠치
굿밭을,굳빠틀
굿밭만,굳빤만
옥밭,옥빧
옥밭이,옥빠치
옥밭을,옥빠틀
옥밭만,옥빤만
종자밭,종자받
종자밭이,종자바치
종자밭을,종자바틀
종자밭만,종자반만
밭뒤다,받뛰다
밭뒤어,받뛰어
밭뒤니,받뛰니
밭머리쉼,반머리쉼
밭틀,받틀
밭치다,받치다
밭치니,받치니
밭막,반막
밭막만,반망만
밭물,반물
밭들,받뜰
공동밭,공동받
공동밭이,공동바치
공통밭을,공통바틀
공동밭만,공동반만
밭삼문,받쌈문
계단밭,게단받
계단밭이,계단바치
계단밭을,계단바틀
계단밭만,계단반만
목화밭,모콰받
목화밭이,모콰바치
목화밭을,모콰바틀
목화밭만,모콰반만
다복솔밭,다복쏠받
다복솔밭이,다복쏠바치
다복솔밭을,다복쏠바틀
다복솔밭만,다복쏠반만
밭못자리,반몯짜리
평지밭,평지받
평지밭이,평지바치
평지밭을,평지바틀
평지밭만,평지반만
꽃밭,꼳빧
꽃밭이,꼳빠치
꽃밭을,꼳빠틀
꽃밭만,꼳빤만
밭전,받쩐
목초밭,목초받
목초밭이,목초바치
목초밭을,목초바틀
목초밭만,목초반만
사료밭,사료받
사료밭이,사료바치
사료밭을,사료바틀
사료밭만,사료반만
구름밭,구름받
구름밭이,구름바치
구름밭을,구름바틀
구름밭만,구름반만
애송밭,애송받
애송밭이,애송바치
애송밭을,애송바틀
애송밭만,애송반만
밭이랑,반니랑
밭뒷그루,받뛷끄루
한밭,한받
한밭이,한바치
한밭을,한바틀
한밭만,한반만
봄밭,봄받
봄밭이,봄바치
봄밭을,봄바틀
봄밭만,봄반만
밭곡,받꼭
밭곡만,받꽁만
묵밭,묵빧
묵밭이,묵빠치
묵밭을,묵빠틀
묵밭만,묵빤만
밭김,받낌
텃밭,턷빧
텃밭이,터빠치
텃밭을,터빠틀
텃밭만,터빤만
밭칠성,받칠썽
황토밭,황토받
황토밭이,황토바치
황토밭을,황토바틀
황토밭만,황토반만
논밭,논받
논밭이,논바치
논밭을,논바틀
논밭만,논반만
흰등밭종다리,힌등받쫑다리
밭딱정이,받딱쩡이
진밭,진받
진밭이,진바치
진밭을,진바틀
진밭만,진반만
잿밭,재빧
잿밭이,재빠치
잿밭을,재빠틀
잿밭만,재빤만
밭풀,받풀
꿀밭,꿀받
꿀밭이,꿀바치
꿀밭을,꿀바틀
꿀밭만,꿀반만
밭일,반닐
밭쟁이,받쨍이
다복밭,다복빧
다복밭이,다복빠치
다복밭을,다복빠틀
다복밭만,다복빤만
밭걷이,받꺼지
김장밭,김장받
김장밭이,김장바치
김장밭을,김장바틀
김장밭만,김장반만
삼밭,삼받
삼밭이,삼바치
삼밭을,삼바틀
삼밭만,삼반만
솔밭,솔받
솔밭이,솔바치
솔밭을,솔바틀
솔밭만,솔반만
콩밭,콩받
콩밭이,콩바치
콩밭을,콩바틀
콩밭만,콩반만
밭날갈이,반날가리
자드락밭,자드락빧
자드락밭이,자드락빠치
자드락밭을,자드락빠틀
자드락밭만,자드락빤만
앞,압
앞이,아피
앞만,암만
눈앞,누납
눈앞이,누나피
눈앞만,누남만
앞서다,압써다
앞서,압써
앞서니,압써니
앞뒤,압뛰
앞길,압낄
앞쪽,압쪽
앞쪽만,압쫑만
앞서,압써
앞날,암날
앞문,암문
앞두다,압뚜다
앞두니,압뚜니
앞바다,압빠다
앞개,압깨
앞채,압채
앞앞,아밥
앞앞이,아바피
앞앞만,아밤만
앞맵시,암맵씨
앞발길,압빨낄
앞밭,압빧
앞밭이,압빠치
앞밭을,압빠틀
앞밭만,압빤만
앞고개,압꼬개
앞창,압창
앞재,압째
앞가지,압까지
앞곤두,압꼰두
앞바탕,압빠탕
앞보름,압뽀름
앞대문,압때문
앞넣다,암너타
앞넣어,암너어
앞넣으니,암너으니
앞넣는,암넌는
앞넣소,암너쏘
앞앞이,아바피
앞소리꾼,압쏘리꾼
앞뒷문,압뛴문
노앞,노압
노앞이,노아피
노앞만,노암만
앞강토,압깡토
앞거리,압꺼리
앞걸,압껄
앞죽,압쭉
앞죽만,압쭝만
앞말,암말
앞섶,압썹
앞섶이,압써피
앞섶만,압썸만
앞채,압채
앞모양,암모양
앞생각,압쌩각
앞생각만,압쌩강만
앞깃선,압낃썬
앞버덩,압뻐덩
앞조각,압쪼각
앞조각만,압쪼강만
코앞,코압
코앞이,코아피
코앞만,코암만
줌앞,주맙
줌앞이,주마피
줌앞만,주맘만
앞장,압짱
앞트기,압트기
앞뚜룩,압뚜룩
앞뚜룩만,압뚜룽만
앞팔꿉,압팔꿉
앞팔꿉만,압팔꿈만
앞개울,압깨울
앞과장,압꽈장
앞갈비,압깔비
앞놀이,암노리
앞그루,압끄루
앞발목뼈,압빨목뼈
베틀앞기둥,베트랍끼둥
앞걸어뜨기,압꺼러뜨기
앞뒤축,압뛰축
앞뒤축만,압뛰충만
앞잡이,압짜비
덮이니,더피니
넋,넉
넋이,넉씨
넋만,넝만
넋반,넉빤
넋전,넉쩐
넋청,넉청
넋두리,넉뚜리
넋들임,넉뜨림
넋맞이,넝마지
넋대,넉때
넋굿,넉꾿
넋굿만,넉꾼만
넋올림,너골림
넋풀이,넉푸리
넋걷이,넉꺼지
넋타령,넉타령
넋받이,넉빠지
넋자리,넉짜리
넋풀이굿,넉푸리굳
넋풀이굿만,넉푸리군만
넋올리기,너골리기
넋건지기굿,넉껀지기굳
넋건지기굿만,넉껀지기군만
넋들임,넉뜨림
앉다,안따
앉아,안자
앉으니,안즈니
앉고,안꼬
앉는,안는
앉지,안찌
무릎앉아,무르반자
앉아버티니,안자버티니
닭,닥
닭이,달기
닭만,당만
닭고기,닥꼬기
늦닭,늗딱
늦닭이,늗딸기
늦닭만,늗땅만
상닭,상딱
상닭이,상딸기
상닭만,상땅만
알닭,알닥
알닭이,알달기
알닭만,알당만
팥닭,팓딱
팥닭이,팓딸기
팥닭만,팓땅만
양닭,양딱
양닭이,양딸기
양닭만,양땅만
저녁닭,저녁딱
저녁닭이,저녁딸기
저녁닭만,저녁땅만
닭살,닥쌀
쌈닭,쌈딱
쌈닭이,쌈딸기
쌈닭만,쌈땅만
닭점,닥쩜
산닭,산딱
산닭이,산딸기
산닭만,산땅만
닭유,당뉴
통닭,통닥
통닭이,통달기
통닭만,통당만
구수닭,구수닥
구수닭이,구수달기
구수닭만,구수당만
촌닭,촌딱
촌닭이,촌딸기
촌닭만,촌땅만
닭똥,닥똥
닭의비짜루,달긔비짜루
뿔닭,뿔닥
뿔닭이,뿔달기
뿔닭만,뿔당만
옻닭,옫딱
옻닭이,옫딸기
옻닭만,옫땅만
중닭,중딱
중닭이,중딸기
중닭만,중땅만
닭장,닥짱
닭띠,닥띠
닭발,닥빨
닭죽,닥쭉
닭죽만,닥쭝만
당닭,당딱
당닭이,당딸기
당닭만,당땅만
종자닭,종자닥
종자닭이,종자달기
종자닭만,종자당만
닭쌈,닥쌈
닭의난초,달긔난초
생닭,생닥
생닭이,생달기
생닭만,생당만
댓닭,대딱
댓닭이,대딸기
댓닭만,대땅만
집닭,집딱
집닭이,집딸기
집닭만,집땅만
닭날,당날
씨닭,씨닥
씨닭이,씨달기
씨닭만,씨당만
닭목,당목
닭목만,당몽만
물닭,물딱
물닭이,물딸기
물닭만,물땅만
햇닭,핻딱
햇닭이,핻딸기
햇닭만,핻땅만
닭니,당니
닭찜,닥찜
닭해,다캐
닭국,닥꾹
닭국만,닥꿍만
닭적,닥쩍
닭적만,닥쩡만
멧닭,멛딱
멧닭이,메딸기
멧닭만,메땅만
닭곰,닥꼼
닭게,닥께
꿩닭,꿩닥
꿩닭이,꿩달기
꿩닭만,꿩당만
첫닭,첟딱
첫닭이,첟딸기
첫닭만,첟땅만
낮닭,낟딱
낮닭이,낟딸기
낮닭만,낟땅만
닭갈비,닥깔비
닭싸움,닥싸움
싸움닭,싸움딱
싸움닭이,싸움딸기
싸움닭만,싸움땅만
닭백숙,닥빽쑥
닭백숙만,닥빽쑹만
닭튀김,닥튀김
닭벼룩,닥뼈룩
닭벼룩만,닥뼈룽만
지네닭,지네닥
지네닭이,지네달기
지네닭만,지네당만
닭다리,닥따리
젊다,점따
젊어,절머
젊으니,절므니
젊고,점꼬
젊지,점찌
젊어지다,절머지다
젊어지니,절머지니
곬,골
곬이,골씨
곬만,골만
외곬,외골
외곬이,외골씨
외곬만,외골만
물곬,물꼴
물곬이,물꼴씨
물곬만,물꼴만
통곬,통골
통곬이,통골씨
통곬만,통골만
핥다,할따
핥아,할타
핥으니,할트니
핥고,할꼬
핥는,할른
핥지,할찌
핥아먹다,핥아
핥아먹어,할타머거
핥아먹으니,할타머그니
핥아먹는,할타멍는
핥아세니,할타세니
읊다,읍따
읊어,을퍼
읊으니,을프니
읊고,읍꼬
읊는,음는
읊지,읍찌
값,갑
값이,갑씨
값만,감만
싼값,싼갑
싼값이,싼갑씨
싼값만,싼감만
값싸다,갑싸다
값싸,갑싸
값싸니,갑싸니
찬값,찬깝
찬값이,찬깝씨
찬값만,찬깜만
교찻값,교차깝
교찻값이,교차깝씨
교찻값만,교차깜만
유한값,유한깝
유한값이,유한깝씨
유한값만,유한깜만
판값,판갑
판값이,판갑씨
판값만,판감만
열값,열깝
열값이,열깝씨
열값만,열깜만
꼴값,꼴깝
꼴값이,꼴깝씨
꼴값만,꼴깜만
값어치,가버치
떡값,떡깝
떡값이,떡깝씨
떡값만,떡깜만
밥값,밥깝
밥값이,밥깝씨
밥값만,밥깜만
값지다,갑찌다
값지니,갑찌니
죗값,죄깝
죗값이,죄깝씨
죗값만,죄깜만
킷값,키깝
킷값이,키깝씨
킷값만,키깜만
산값,산갑
산값이,산갑씨
산값만,산감만
헐값,헐깝
헐값이,헐깝씨
헐값만,헐깜만
몸값,몸깝
몸값이,몸깝씨
몸값만,몸깜만
영입력값,영임녁깝
영입력값이,영임녁깝씨
영입력값만,영임녁깜만
극값,극깝
극값이,극깝씨
극값만,극깜만
금값,금깝
금값이,금깝씨
금값만,금깜만
집값,집깝
집값이,집깝씨
집값만,집깜만
책값,책깝
책값이,책깝씨
책값만,책깜만
땅값,땅깝
땅값이,땅깝씨
땅값만,땅깜만
값표,갑표
갯값,갣깝
갯값이,개깝씨
갯값만,개깜만
약값,약깝
약값이,약깝씨
약값만,약깜만
반값,반갑
반값이,반갑씨
반값만,반감만
제값,제갑
제값이,제갑씨
제값만,제감만
술값,술깝
술값이,술깝씨
술값만,술깜만
품값,품깝
품값이,품깝씨
품값만,품깜만
소릿값,소리깝
소릿값이,소리깝씨
소릿값만,소리깜만
나잇값,나읻깝
나잇값이,나이깝씨
나잇값만,나이깜만
빚값,빋깝
빚값이,빋깝씨
빚값만,빋깜만
담뱃값,담배깝
담뱃값이,담배깝씨
담뱃값만,담배깜만
값없다,가법따
값없어,가법써
값없으니,가법쓰니
값없고,가법꼬
값없는,가범는
값없지,가법찌
돈값,돈깝
돈값이,돈깝씨
돈값만,돈깜만
절댓값,절땓깝
절댓값이,절때깝씨
절댓값만,절때깜만
말값,말깝
말값이,말깝씨
말값만,말깜만
탄값,탄깝
탄값이,탄깝씨
탄값만,탄깜만
산값,산깝
산값이,산깝씨
산값만,산깜만
참값,참깝
참값이,참깝씨
참값만,참깜만
낱값,낟깝
낱값이,낟깝씨
낱값만,낟깜만
본값,본갑
본값이,본갑씨
본값만,본감만
셈값,셈깝
셈값이,셈깝씨
셈값만,셈깜만
절값,절깝
절값이,절깝씨
절값만,절깜만
동값,동깝
동값이,동깝씨
동값만,동깜만
꽃값,꼳깝
꽃값이,꼳깝씨
꽃값만,꼳깜만
민값,민갑
민값이,민갑씨
민값만,민감만
낫값,나깝
낫값이,나깝씨
낫값만,나깜만
숫값,숟깝
숫값이,수깝씨
숫값만,수깜만
중값,중깝
중값이,중깝씨
중값만,중깜만
빈값,빈갑
빈값이,빈갑씨
빈값만,빈감만
물값,물깝
물값이,물깝씨
물값만,물깜만
똥값,똥깝
똥값이,똥깝씨
똥값만,똥깜만
옷값,옫깝
옷값이,옫깝씨
옷값만,옫깜만
없다,업따
없어,업써
없으니,업쓰니
없고,업꼬
없는,엄는
없지,업찌
없어지다,업써지다
없어지니,업써지니
젖어미,저더미
맛없다,마덥따
맛없어,마덥써
맛없으니,마덥쓰니
맛없고,마덥꼬
맛없는,마덤는
맛없지,마덥찌
겉옷,거돋
겉옷만,거돈만
겉옷고름,거돋꼬름
헛웃음,허두슴
꽃,꼳
꽃이,꼬치
꽃만,꼰만
꽃,꼳
꽃이,꼬치
꽃만,꼰만
꽃,꼳
꽃이,꼬치
꽃만,꼰만
불꽃,불꼳
불꽃이,불꼬치
불꽃만,불꼰만
꽃잎,꼰닙
꽃잎이,꼰니피
꽃잎만,꼰님만
꽃씨,꼳씨
꽃반,꼳빤
꽃말,꼰말
철꽃,철꼳
철꽃이,철꼬치
철꽃만,철꼰만
벚꽃,벋꼳
벚꽃이,벋꼬치
벚꽃만,벋꼰만
꽃괘,꼳꽤
대롱꽃,대롱꼳
대롱꽃이,대롱꼬치
대롱꽃만,대롱꼰만
매미꽃,매미꼳
매미꽃이,매미꼬치
매미꽃만,매미꼰만
연꽃,연꼳
연꽃이,연꼬치
연꽃만,연꼰만
삼꽃,삼꼳
삼꽃이,삼꼬치
삼꽃만,삼꼰만
꽃모습,꼰모습
꽃모습만,꼰모슴만
꽃벼룩,꼳뼈룩
꽃벼룩만,꼳뼈룽만
꽃전등,꼳쩐등
두메탑꽃,두메탑꼳
두메탑꽃이,두메탑꼬치
두메탑꽃만,두메탑꼰만
왜개연꽃,왜개연꼳
왜개연꽃이,왜개연꼬치
왜개연꽃만,왜개연꼰만
꽃주머니,꼳쭈머니
큰개별꽃,큰개별꼳
큰개별꽃이,큰개별꼬치
큰개별꽃만,큰개별꼰만
꽃실,꼳씰
꽃맺이,꼰매지
산호꽃,산호꼳
산호꽃이,산호꼬치
산호꽃만,산호꼰만
꽃개오동,꼳깨오동
종다리꽃,종다리꼳
종다리꽃이,종다리꼬치
종다리꽃만,종다리꼰만
왜오랑캐꽃,왜오랑캐꼳
왜오랑캐꽃이,왜오랑캐꼬치
왜오랑캐꽃만,왜오랑캐꼰만
누운딱지꽃,누운딱찌꼳
누운딱지꽃이,누운딱찌꼬치
누운딱지꽃만,누운딱찌꼰만
함소꽃,함소꼳
함소꽃이,함소꼬치
함소꽃만,함소꼰만
꽃모종하다,꼰모종하다
꽃모종하니,꼰모종하니
꽃밭,꼳빧
꽃밭이,꼳빠치
꽃밭을,꼳빠틀
꽃밭만,꼳빤만
적꽃,적꼳
적꽃이,적꼬치
적꽃만,적꼰만
꽃황,꼬퇑
꽃게,꼳께
십자꽃,십짜꼳
십자꽃이,십짜꼬치
십자꽃만,십짜꼰만
꽃바지,꼳빠지
꽃가위,꼳까위
긴꽃고사리삼,긴꼳꼬사리삼
보릿짚꽃,보릳찝꼳
보릿짚꽃이,보리찝꼬치
보릿짚꽃만,보리찝꼰만
꽃미투리,꼰미투리
민백미꽃,민뱅미꼳
민백미꽃이,민뱅미꼬치
민백미꽃만,민뱅미꼰만
물양지꽃,물량지꼳
물양지꽃이,물량지꼬치
물양지꽃만,물량지꼰만
다섯잎꽃,다선닙꼳
다섯잎꽃이,다선닙꼬치
다섯잎꽃만,다선닙꼰만
덩굴개별꽃,덩굴개별꼳
덩굴개별꽃이,덩굴개별꼬치
덩굴개별꽃만,덩굴개별꼰만
눈꽃,눈꼳
눈꽃이,눈꼬치
눈꽃만,눈꼰만
참꽃,참꼳
참꽃이,참꼬치
참꽃만,참꼰만
따꽃,따꼳
따꽃이,따꼬치
따꽃만,따꼰만
꽃굴,꼳꿀
등꽃,등꼳
등꽃이,등꼬치
등꽃만,등꼰만
동백꽃,동백꼳
동백꽃이,동백꼬치
동백꽃만,동백꼰만
봄꽃,봄꼳
봄꽃이,봄꼬치
봄꽃만,봄꼰만
검은꽃낭아초,거믄꼰낭아초
덩굴민백미꽃,덩굴민뱅미꼳
덩굴민백미꽃이,덩굴민뱅미꼬치
덩굴민백미꽃만,덩굴민뱅미꼰만
알꽃벼룩,알꼳뼈룩
알꽃벼룩만,알꼳뼈룽만
수꽃이삭,수꼰니삭
수꽃이삭만,수꼰니상만
닭,닥
닭이,달기
닭만,당만
닭고기,닥꼬기
늦닭,늗딱
늦닭이,늗딸기
늦닭만,늗땅만
상닭,상딱
상닭이,상딸기
상닭만,상땅만
알닭,알닥
알닭이,알달기
알닭만,알당만
팥닭,팓딱
팥닭이,팓딸기
팥닭만,팓땅만
양닭,양딱
양닭이,양딸기
양닭만,양땅만
저녁닭,저녁딱
저녁닭이,저녁딸기
저녁닭만,저녁땅만
닭살,닥쌀
쌈닭,쌈딱
쌈닭이,쌈딸기
쌈닭만,쌈땅만
닭점,닥쩜
산닭,산딱
산닭이,산딸기
산닭만,산땅만
닭유,당뉴
통닭,통닥
통닭이,통달기
통닭만,통당만
구수닭,구수닥
구수닭이,구수달기
구수닭만,구수당만
촌닭,촌딱
촌닭이,촌딸기
촌닭만,촌땅만
닭똥,닥똥
닭의비짜루,달긔비짜루
뿔닭,뿔닥
뿔닭이,뿔달기
뿔닭만,뿔당만
옻닭,옫딱
옻닭이,옫딸기
옻닭만,옫땅만
중닭,중딱
중닭이,중딸기
중닭만,중땅만
닭장,닥짱
닭띠,닥띠
닭발,닥빨
닭죽,닥쭉
닭죽만,닥쭝만
당닭,당딱
당닭이,당딸기
당닭만,당땅만
종자닭,종자닥
종자닭이,종자달기
종자닭만,종자당만
닭쌈,닥쌈
닭의난초,달긔난초
생닭,생닥
생닭이,생달기
생닭만,생당만
댓닭,대딱
댓닭이,대딸기
댓닭만,대땅만
집닭,집딱
집닭이,집딸기
집닭만,집땅만
닭날,당날
씨닭,씨닥
씨닭이,씨달기
씨닭만,씨당만
닭목,당목
닭목만,당몽만
물닭,물딱
물닭이,물딸기
물닭만,물땅만
햇닭,핻딱
햇닭이,핻딸기
햇닭만,핻땅만
닭니,당니
닭찜,닥찜
닭해,다캐
닭국,닥꾹
닭국만,닥꿍만
닭적,닥쩍
닭적만,닥쩡만
멧닭,멛딱
멧닭이,메딸기
멧닭만,메땅만
닭곰,닥꼼
닭게,닥께
꿩닭,꿩닥
꿩닭이,꿩달기
꿩닭만,꿩당만
첫닭,첟딱
첫닭이,첟딸기
첫닭만,첟땅만
낮닭,낟딱
낮닭이,낟딸기
낮닭만,낟땅만
닭갈비,닥깔비
닭싸움,닥싸움
싸움닭,싸움딱
싸움닭이,싸움딸기
싸움닭만,싸움땅만
닭백숙,닥빽쑥
닭백숙만,닥빽쑹만
닭튀김,닥튀김
닭벼룩,닥뼈룩
닭벼룩만,닥뼈룽만
지네닭,지네닥
지네닭이,지네달기
지네닭만,지네당만
닭다리,닥따리
디귿이,디그시
디귿만,디근만
된디귿,뒌디귿
된디귿이,된디그시
된디귿만,된디근만
쌍디귿이,쌍디그시
쌍디귿만,쌍디근만
기역니은디귿순,기영니은디귿
기역니은디귿차례,기영니은디귿
디귿자집,디귿
디귿자집만,디귿짜짐만
디귿이,디그시
디귿만,디근만
된디귿,뒌디귿
된디귿이,된디그시
된디귿만,된디근만
쌍디귿이,쌍디그시
쌍디귿만,쌍디근만
기역니은디귿순,기영니은디귿
기역니은디귿차례,기영니은디귿
디귿자집,디귿
디귿자집만,디귿짜짐만
디귿이,디그시
디귿만,디근만
된디귿,뒌디귿
된디귿이,된디그시
된디귿만,된디근만
쌍디귿이,쌍디그시
쌍디귿만,쌍디근만
기역니은디귿순,기영니은디귿
기역니은디귿차례,기영니은디귿
디귿자집,디귿
디귿자집만,디귿짜짐만
지읒,지읃
지읒이,지으시
지읒만,지은만
된지읒,뒌지읃
된지읒이,된지으시
된지읒만,된지은만
쌍지읒,쌍지읃
쌍지읒이,쌍지으시
쌍지읒만,쌍지은만
지읒,지읃
지읒이,지으시
지읒만,지은만
된지읒,뒌지읃
된지읒이,된지으시
된지읒만,된지은만
쌍지읒,쌍지읃
쌍지읒이,쌍지으시
쌍지읒만,쌍지은만
지읒,지읃
지읒이,지으시
지읒만,지은만
된지읒,뒌지읃
된지읒이,된지으시
된지읒만,된지은만
쌍지읒,쌍지읃
쌍지읒이,쌍지으시
쌍지읒만,쌍지은만
치읓,치읃
치읓이,치으시
치읓만,치은만
치읓,치읃
치읓이,치으시
치읓만,치은만
치읓,치읃
치읓이,치으시
치읓만,치은만
키읔,키윽
키읔이,키으기
키읔만,키응만
키읔,키윽
키읔이,키으기
키읔만,키응만
키읔,키윽
키읔이,키으기
키읔만,키응만
티읕,티읃
티읕이,티으시
티읕만,티은만
티읕,티읃
티읕이,티으시
티읕만,티은만
티읕,티읃
티읕이,티으시
티읕만,티은만
피읖,피읍
피읖이,피으비
피읖만,피음만
가벼운피읖,가벼운피읍
가벼운피읖이,가벼운피으비
가벼운피읖만,가벼운피음만
피읖,피읍
피읖이,피으비
피읖만,피음만
가벼운피읖,가벼운피읍
가벼운피읖이,가벼운피으비
가벼운피읖만,가벼운피음만
피읖,피읍
피읖이,피으비
피읖만,피음만
가벼운피읖,가벼운피읍
가벼운피읖이,가벼운피으비
가벼운피읖만,가벼운피음만
히읗,히읃
히읗이,히으시
히읗만,히은만
쌍히읗,쌍히읃
쌍히읗이,쌍히으시
쌍히읗만,쌍히은만
여린히읗,여린히읃
여린히읗이,여린히으시
여린히읗만,여린히은만
된히읗,뒌히읃
된히읗이,된히으시
된히읗만,된히은만
히읗,히읃
히읗이,히으시
히읗만,히은만
쌍히읗,쌍히읃
쌍히읗이,쌍히으시
쌍히읗만,쌍히은만
여린히읗,여린히읃
여린히읗이,여린히으시
여린히읗만,여린히은만
된히읗,뒌히읃
된히읗이,된히으시
된히읗만,된히은만
히읗,히읃
히읗이,히으시
히읗만,히은만
쌍히읗,쌍히읃
쌍히읗이,쌍히으시
쌍히읗만,쌍히은만
여린히읗,여린히읃
여린히읗이,여린히으시
여린히읗만,여린히은만
된히읗,뒌히읃
된히읗이,된히으시
된히읗만,된히은만
